experiment_name,regime,M,trial,k,raw_to_ref_l2,ref_to_ideal_l2,gap_ratio
exp4_raw_vs_reference_sanity,uniform_h=1.00,20,0,2,9.271225826070165e-15,7.677406353884371,7677406353884.371
exp4_raw_vs_reference_sanity,uniform_h=1.00,20,0,4,1.9610986696794158e-14,3.369229921681897,3369229921681.897
exp4_raw_vs_reference_sanity,uniform_h=1.00,20,0,6,4.174933077686417e-14,1.3726980281326995,1372698028132.6995
exp4_raw_vs_reference_sanity,uniform_h=1.00,20,0,8,6.287010044656081e-14,0.5973142679296954,597314267929.6954
exp4_raw_vs_reference_sanity,uniform_h=1.00,20,0,10,7.339188037552227e-14,0.27950680194676414,279506801946.76416
exp4_raw_vs_reference_sanity,uniform_h=1.00,20,0,12,4.1168161602741954e-14,0.15163912586248393,151639125862.48395
exp4_raw_vs_reference_sanity,uniform_h=1.00,20,1,2,1.4672981735991582e-14,10.203670280333867,10203670280333.867
exp4_raw_vs_reference_sanity,uniform_h=1.00,20,1,4,5.941298661161001e-14,4.538486982261257,4538486982261.257
exp4_raw_vs_reference_sanity,uniform_h=1.00,20,1,6,9.664307787295633e-14,1.820243857377103,1820243857377.103
exp4_raw_vs_reference_sanity,uniform_h=1.00,20,1,8,8.208669284422851e-14,0.7190170696928656,719017069692.8656
exp4_raw_vs_reference_sanity,uniform_h=1.00,20,1,10,7.795536487393845e-14,0.3351363856371208,335136385637.1208
exp4_raw_vs_reference_sanity,uniform_h=1.00,20,1,12,5.88377802596785e-14,0.17680032978417193,176800329784.17194
exp4_raw_vs_reference_sanity,uniform_h=1.00,20,2,2,2.3398549312666606e-14,7.818175242828187,7818175242828.1875
exp4_raw_vs_reference_sanity,uniform_h=1.00,20,2,4,5.510413602762776e-15,3.2234924525652264,3223492452565.2266
exp4_raw_vs_reference_sanity,uniform_h=1.00,20,2,6,6.154390661983091e-14,1.4443860749211248,1444386074921.1248
exp4_raw_vs_reference_sanity,uniform_h=1.00,20,2,8,1.1399546603566084e-13,0.641192943069883,641192943069.8829
exp4_raw_vs_reference_sanity,uniform_h=1.00,20,2,10,1.267639334422675e-13,0.30293155775537867,302931557755.37866
exp4_raw_vs_reference_sanity,uniform_h=1.00,20,2,12,1.6851564541828053e-13,0.16296442733135882,162964427331.35883
exp4_raw_vs_reference_sanity,uniform_h=1.00,20,3,2,3.613585147182767e-15,11.43938287952192,11439382879521.92
exp4_raw_vs_reference_sanity,uniform_h=1.00,20,3,4,2.489462750879052e-14,4.9702018545738005,4970201854573.801
exp4_raw_vs_reference_sanity,uniform_h=1.00,20,3,6,5.68537692289105e-14,2.5250788084276374,2525078808427.6377
exp4_raw_vs_reference_sanity,uniform_h=1.00,20,3,8,4.103264603959762e-14,1.2763393149325086,1276339314932.5085
exp4_raw_vs_reference_sanity,uniform_h=1.00,20,3,10,8.316121546602032e-14,0.6426230169213459,642623016921.346
exp4_raw_vs_reference_sanity,uniform_h=1.00,20,3,12,8.13955182487644e-14,0.3034350702576037,303435070257.6037
exp4_raw_vs_reference_sanity,uniform_h=1.00,20,4,2,1.6675582687948592e-14,12.78908273317587,12789082733175.871
exp4_raw_vs_reference_sanity,uniform_h=1.00,20,4,4,4.7333404998475944e-14,4.157965864007023,4157965864007.0234
exp4_raw_vs_reference_sanity,uniform_h=1.00,20,4,6,1.0762582039880414e-13,1.6505141304859252,1650514130485.9253
exp4_raw_vs_reference_sanity,uniform_h=1.00,20,4,8,1.0389356480784662e-13,0.8438721264597202,843872126459.7202
exp4_raw_vs_reference_sanity,uniform_h=1.00,20,4,10,1.189745690582832e-13,0.4528412060887972,452841206088.7972
exp4_raw_vs_reference_sanity,uniform_h=1.00,20,4,12,8.618987884762704e-14,0.22456426232880716,224564262328.80716
exp4_raw_vs_reference_sanity,uniform_h=1.00,20,5,2,2.0465149776050267e-15,13.527588213412178,13527588213412.178
exp4_raw_vs_reference_sanity,uniform_h=1.00,20,5,4,4.3479133436563923e-14,5.805963471822589,5805963471822.589
exp4_raw_vs_reference_sanity,uniform_h=1.00,20,5,6,8.252754150685709e-14,2.403719370129511,2403719370129.511
exp4_raw_vs_reference_sanity,uniform_h=1.00,20,5,8,8.333273958328772e-14,1.0764825320561286,1076482532056.1287
exp4_raw_vs_reference_sanity,uniform_h=1.00,20,5,10,7.734148404206297e-14,0.49623265672219413,496232656722.19415
exp4_raw_vs_reference_sanity,uniform_h=1.00,20,5,12,1.4814404694768842e-13,0.25168133972218476,251681339722.18475
exp4_raw_vs_reference_sanity,uniform_h=1.00,20,6,2,1.881668875761648e-15,9.827556596792778,9827556596792.78
exp4_raw_vs_reference_sanity,uniform_h=1.00,20,6,4,6.483526388833666e-15,3.354967896790068,3354967896790.068
exp4_raw_vs_reference_sanity,uniform_h=1.00,20,6,6,1.1555715166026134e-14,1.3064443431766302,1306444343176.6301
exp4_raw_vs_reference_sanity,uniform_h=1.00,20,6,8,1.0388584207575275e-14,0.5033364008915059,503336400891.5059
exp4_raw_vs_reference_sanity,uniform_h=1.00,20,6,10,1.596491654565131e-14,0.2224146770521948,222414677052.19482
exp4_raw_vs_reference_sanity,uniform_h=1.00,20,6,12,2.517745836503706e-14,0.11428575892667281,114285758926.6728
exp4_raw_vs_reference_sanity,uniform_h=1.00,20,7,2,5.061018207374683e-15,8.662601944680832,8662601944680.832
exp4_raw_vs_reference_sanity,uniform_h=1.00,20,7,4,1.533130076681643e-14,3.3812378025847325,3381237802584.7324
exp4_raw_vs_reference_sanity,uniform_h=1.00,20,7,6,7.926342690544987e-14,1.552943163576227,1552943163576.227
exp4_raw_vs_reference_sanity,uniform_h=1.00,20,7,8,6.886314340747027e-14,0.7720786607654424,772078660765.4424
exp4_raw_vs_reference_sanity,uniform_h=1.00,20,7,10,9.241428964657864e-14,0.3916175009477779,391617500947.77795
exp4_raw_vs_reference_sanity,uniform_h=1.00,20,7,12,9.268006715771824e-14,0.2050546666427402,205054666642.7402
exp4_raw_vs_reference_sanity,uniform_h=1.00,20,8,2,1.9549094446792674e-15,7.011039498426224,7011039498426.225
exp4_raw_vs_reference_sanity,uniform_h=1.00,20,8,4,1.780894092643409e-14,4.258669307701899,4258669307701.899
exp4_raw_vs_reference_sanity,uniform_h=1.00,20,8,6,6.294069924666285e-14,2.5959244756672013,2595924475667.201
exp4_raw_vs_reference_sanity,uniform_h=1.00,20,8,8,7.476326160637077e-14,1.4763751606457627,1476375160645.7627
exp4_raw_vs_reference_sanity,uniform_h=1.00,20,8,10,9.919726812700802e-14,0.7910914120883444,791091412088.3445
exp4_raw_vs_reference_sanity,uniform_h=1.00,20,8,12,1.3994510415296507e-13,0.4174189256749736,417418925674.9736
exp4_raw_vs_reference_sanity,uniform_h=1.00,20,9,2,9.242361835910406e-15,16.733788460991118,16733788460991.12
exp4_raw_vs_reference_sanity,uniform_h=1.00,20,9,4,1.3029975984631985e-13,6.852073347250339,6852073347250.339
exp4_raw_vs_reference_sanity,uniform_h=1.00,20,9,6,7.68818548614694e-14,2.414900614150783,2414900614150.783
exp4_raw_vs_reference_sanity,uniform_h=1.00,20,9,8,1.4982112577789786e-13,1.0150552484346973,1015055248434.6973
exp4_raw_vs_reference_sanity,uniform_h=1.00,20,9,10,1.5713225077143265e-13,0.531144257075449,531144257075.449
exp4_raw_vs_reference_sanity,uniform_h=1.00,20,9,12,2.2371810300022853e-13,0.2973021366926641,297302136692.6641
exp4_raw_vs_reference_sanity,uniform_h=1.00,20,10,2,2.999048850276699e-14,17.318942932655748,17318942932655.748
exp4_raw_vs_reference_sanity,uniform_h=1.00,20,10,4,7.748784343531672e-14,9.614382977535115,9614382977535.115
exp4_raw_vs_reference_sanity,uniform_h=1.00,20,10,6,2.560209448202453e-13,4.798444181488708,4798444181488.709
exp4_raw_vs_reference_sanity,uniform_h=1.00,20,10,8,1.6127080158358244e-13,2.336809363709539,2336809363709.539
exp4_raw_vs_reference_sanity,uniform_h=1.00,20,10,10,2.9237493029108387e-13,1.1328716024203893,1132871602420.3894
exp4_raw_vs_reference_sanity,uniform_h=1.00,20,10,12,1.3122206383388016e-13,0.5729843849852311,572984384985.2311
exp4_raw_vs_reference_sanity,uniform_h=1.00,20,11,2,5.8324773085202454e-15,8.990819749369496,8990819749369.496
exp4_raw_vs_reference_sanity,uniform_h=1.00,20,11,4,3.794490134081731e-14,4.278088340845167,4278088340845.1665
exp4_raw_vs_reference_sanity,uniform_h=1.00,20,11,6,8.638148773432056e-14,1.731012658725949,1731012658725.949
exp4_raw_vs_reference_sanity,uniform_h=1.00,20,11,8,4.883601533881949e-14,0.7106991726167735,710699172616.7736
exp4_raw_vs_reference_sanity,uniform_h=1.00,20,11,10,6.391805109003533e-14,0.3435878342828052,343587834282.80524
exp4_raw_vs_reference_sanity,uniform_h=1.00,20,11,12,3.144796718724968e-14,0.18444153093627172,184441530936.27173
exp4_raw_vs_reference_sanity,uniform_h=1.00,20,12,2,9.20129775386401e-16,7.530752461277497,7530752461277.497
exp4_raw_vs_reference_sanity,uniform_h=1.00,20,12,4,1.3135332445947411e-14,4.243033152882973,4243033152882.9727
exp4_raw_vs_reference_sanity,uniform_h=1.00,20,12,6,6.0498460162433e-14,2.424505019205204,2424505019205.204
exp4_raw_vs_reference_sanity,uniform_h=1.00,20,12,8,5.968914128678531e-14,1.3825802232280038,1382580223228.004
exp4_raw_vs_reference_sanity,uniform_h=1.00,20,12,10,1.3852238452231717e-13,0.7931581733843465,793158173384.3464
exp4_raw_vs_reference_sanity,uniform_h=1.00,20,12,12,1.3153474256087242e-13,0.4529464160328021,452946416032.8021
exp4_raw_vs_reference_sanity,uniform_h=1.00,20,13,2,8.6957818789543e-15,8.047686918993035,8047686918993.035
exp4_raw_vs_reference_sanity,uniform_h=1.00,20,13,4,2.3037113546688882e-14,3.90009219798565,3900092197985.65
exp4_raw_vs_reference_sanity,uniform_h=1.00,20,13,6,3.7822984654039505e-14,1.8363471110007243,1836347111000.7244
exp4_raw_vs_reference_sanity,uniform_h=1.00,20,13,8,8.952292663434963e-14,0.875542571748186,875542571748.1859
exp4_raw_vs_reference_sanity,uniform_h=1.00,20,13,10,8.521150481786276e-14,0.39544877526887634,395448775268.87634
exp4_raw_vs_reference_sanity,uniform_h=1.00,20,13,12,5.4065526168372756e-14,0.18870889823796272,188708898237.9627
exp4_raw_vs_reference_sanity,uniform_h=1.00,20,14,2,6.441841073995688e-14,17.354965660344032,17354965660344.031
exp4_raw_vs_reference_sanity,uniform_h=1.00,20,14,4,3.0610686983393664e-13,7.59100118015226,7591001180152.26
exp4_raw_vs_reference_sanity,uniform_h=1.00,20,14,6,2.8449249403520576e-13,2.969227733850663,2969227733850.663
exp4_raw_vs_reference_sanity,uniform_h=1.00,20,14,8,4.3395522554122706e-13,1.3230181843767772,1323018184376.7773
exp4_raw_vs_reference_sanity,uniform_h=1.00,20,14,10,2.1949231821770295e-13,0.6638796493358939,663879649335.8939
exp4_raw_vs_reference_sanity,uniform_h=1.00,20,14,12,2.254188654828598e-13,0.3535828233253082,353582823325.3082
exp4_raw_vs_reference_sanity,uniform_h=1.00,20,15,2,3.683871749224841e-14,11.715772210835127,11715772210835.127
exp4_raw_vs_reference_sanity,uniform_h=1.00,20,15,4,8.61092031396966e-15,3.450028504429554,3450028504429.554
exp4_raw_vs_reference_sanity,uniform_h=1.00,20,15,6,7.935980864164987e-15,1.2492290238724597,1249229023872.4597
exp4_raw_vs_reference_sanity,uniform_h=1.00,20,15,8,8.098286231756183e-14,0.5597209358430297,559720935843.0298
exp4_raw_vs_reference_sanity,uniform_h=1.00,20,15,10,1.0121289254385124e-13,0.2599506543157027,259950654315.7027
exp4_raw_vs_reference_sanity,uniform_h=1.00,20,15,12,5.5943307812259154e-14,0.1267440853456845,126744085345.6845
exp4_raw_vs_reference_sanity,uniform_h=1.00,20,16,2,5.016321204790865e-16,5.165193528180751,5165193528180.751
exp4_raw_vs_reference_sanity,uniform_h=1.00,20,16,4,1.921115439325294e-14,2.2852058698857056,2285205869885.7056
exp4_raw_vs_reference_sanity,uniform_h=1.00,20,16,6,3.2680527834080444e-14,1.1819792208357154,1181979220835.7153
exp4_raw_vs_reference_sanity,uniform_h=1.00,20,16,8,4.5117153333387445e-14,0.6000182434271891,600018243427.1891
exp4_raw_vs_reference_sanity,uniform_h=1.00,20,16,10,6.110913175464359e-14,0.2778813809265811,277881380926.5811
exp4_raw_vs_reference_sanity,uniform_h=1.00,20,16,12,8.652277878263976e-14,0.13181898531150452,131818985311.50452
exp4_raw_vs_reference_sanity,uniform_h=1.00,20,17,2,6.453171330633722e-16,10.335020930133705,10335020930133.705
exp4_raw_vs_reference_sanity,uniform_h=1.00,20,17,4,1.5843727966525132e-14,4.078611968154616,4078611968154.6157
exp4_raw_vs_reference_sanity,uniform_h=1.00,20,17,6,3.897366124457875e-14,1.8262961264931916,1826296126493.1917
exp4_raw_vs_reference_sanity,uniform_h=1.00,20,17,8,7.567075862202631e-14,0.8200936851289417,820093685128.9417
exp4_raw_vs_reference_sanity,uniform_h=1.00,20,17,10,6.632388462145598e-14,0.4131990001716497,413199000171.64966
exp4_raw_vs_reference_sanity,uniform_h=1.00,20,17,12,3.631968079170066e-14,0.22027224440137955,220272244401.37955
exp4_raw_vs_reference_sanity,uniform_h=1.00,20,18,2,3.802730517739213e-15,12.101301595638931,12101301595638.932
exp4_raw_vs_reference_sanity,uniform_h=1.00,20,18,4,1.5235762937603424e-14,5.742985158275817,5742985158275.817
exp4_raw_vs_reference_sanity,uniform_h=1.00,20,18,6,3.3691915636576144e-14,3.0528561219220056,3052856121922.006
exp4_raw_vs_reference_sanity,uniform_h=1.00,20,18,8,2.654655018456106e-14,1.550501821044143,1550501821044.143
exp4_raw_vs_reference_sanity,uniform_h=1.00,20,18,10,3.6873620925740525e-14,0.7483895730024223,748389573002.4222
exp4_raw_vs_reference_sanity,uniform_h=1.00,20,18,12,5.5259570144773884e-14,0.3504748478256209,350474847825.6209
exp4_raw_vs_reference_sanity,uniform_h=1.00,20,19,2,7.401508605195979e-15,7.489598073196006,7489598073196.006
exp4_raw_vs_reference_sanity,uniform_h=1.00,20,19,4,1.4307867169015043e-14,3.1456257920589183,3145625792058.9185
exp4_raw_vs_reference_sanity,uniform_h=1.00,20,19,6,5.016143590011711e-14,1.303503303519312,1303503303519.312
exp4_raw_vs_reference_sanity,uniform_h=1.00,20,19,8,3.591525532307356e-14,0.589382292998211,589382292998.211
exp4_raw_vs_reference_sanity,uniform_h=1.00,20,19,10,5.5411866035321764e-14,0.2705997073004827,270599707300.48273
exp4_raw_vs_reference_sanity,uniform_h=1.00,20,19,12,6.447869974504926e-14,0.12492083759146327,124920837591.46327
exp4_raw_vs_reference_sanity,uniform_h=1.00,40,0,2,1.7120702691975963e-14,23.7681475368382,23768147536838.2
exp4_raw_vs_reference_sanity,uniform_h=1.00,40,0,4,1.5417987190806348e-13,7.100826185090323,7100826185090.323
exp4_raw_vs_reference_sanity,uniform_h=1.00,40,0,6,1.8779364172497758e-13,2.820233226129069,2820233226129.069
exp4_raw_vs_reference_sanity,uniform_h=1.00,40,0,8,1.302332489606666e-13,1.465659889228123,1465659889228.123
exp4_raw_vs_reference_sanity,uniform_h=1.00,40,0,10,8.745332555788542e-14,0.802849431996575,802849431996.575
exp4_raw_vs_reference_sanity,uniform_h=1.00,40,0,12,1.6263976865433636e-13,0.4375582000693984,437558200069.3984
exp4_raw_vs_reference_sanity,uniform_h=1.00,40,1,2,2.238082553986424e-15,19.310401894293776,19310401894293.777
exp4_raw_vs_reference_sanity,uniform_h=1.00,40,1,4,1.3529648695472972e-14,6.105152884457437,6105152884457.4375
exp4_raw_vs_reference_sanity,uniform_h=1.00,40,1,6,3.997917223618304e-14,2.5645961140867253,2564596114086.725
exp4_raw_vs_reference_sanity,uniform_h=1.00,40,1,8,4.855484010289154e-14,1.2795372755236432,1279537275523.643
exp4_raw_vs_reference_sanity,uniform_h=1.00,40,1,10,6.967172100561119e-14,0.593897487384954,593897487384.954
exp4_raw_vs_reference_sanity,uniform_h=1.00,40,1,12,6.232089093951325e-14,0.29441240479167324,294412404791.6733
exp4_raw_vs_reference_sanity,uniform_h=1.00,40,2,2,1.525969530490249e-14,18.11956209133295,18119562091332.95
exp4_raw_vs_reference_sanity,uniform_h=1.00,40,2,4,8.574893033368451e-14,8.08049085448557,8080490854485.569
exp4_raw_vs_reference_sanity,uniform_h=1.00,40,2,6,5.6630902044914436e-14,3.727116544652514,3727116544652.514
exp4_raw_vs_reference_sanity,uniform_h=1.00,40,2,8,2.670782490213248e-13,1.7969151759422282,1796915175942.2283
exp4_raw_vs_reference_sanity,uniform_h=1.00,40,2,10,3.079243611859102e-13,0.8990217326650832,899021732665.0833
exp4_raw_vs_reference_sanity,uniform_h=1.00,40,2,12,3.2650296927432237e-13,0.4701581186009868,470158118600.98676
exp4_raw_vs_reference_sanity,uniform_h=1.00,40,3,2,3.1119262112409586e-15,11.518937497673289,11518937497673.29
exp4_raw_vs_reference_sanity,uniform_h=1.00,40,3,4,8.603323212302397e-15,5.552540339562217,5552540339562.217
exp4_raw_vs_reference_sanity,uniform_h=1.00,40,3,6,4.031985086348861e-14,2.9627375130938205,2962737513093.8203
exp4_raw_vs_reference_sanity,uniform_h=1.00,40,3,8,5.701358183352079e-14,1.5900394327516787,1590039432751.6787
exp4_raw_vs_reference_sanity,uniform_h=1.00,40,3,10,5.65121595417024e-14,0.8462787491648894,846278749164.8894
exp4_raw_vs_reference_sanity,uniform_h=1.00,40,3,12,6.602517820993952e-14,0.4450788528457378,445078852845.7378
exp4_raw_vs_reference_sanity,uniform_h=1.00,40,4,2,8.212129553457908e-15,12.50634325978531,12506343259785.31
exp4_raw_vs_reference_sanity,uniform_h=1.00,40,4,4,9.149838442181984e-14,4.174925798094147,4174925798094.1475
exp4_raw_vs_reference_sanity,uniform_h=1.00,40,4,6,1.643251160739834e-13,1.5513378215002862,1551337821500.2861
exp4_raw_vs_reference_sanity,uniform_h=1.00,40,4,8,2.3353028012162823e-13,0.7290284866965692,729028486696.5692
exp4_raw_vs_reference_sanity,uniform_h=1.00,40,4,10,1.8033222313010882e-13,0.3820684216881882,382068421688.18823
exp4_raw_vs_reference_sanity,uniform_h=1.00,40,4,12,2.0970466018044525e-13,0.200682423061592,200682423061.592
exp4_raw_vs_reference_sanity,uniform_h=1.00,40,5,2,7.340757367703534e-15,33.294852794339675,33294852794339.676
exp4_raw_vs_reference_sanity,uniform_h=1.00,40,5,4,2.740529230473656e-14,9.62587713279202,9625877132792.02
exp4_raw_vs_reference_sanity,uniform_h=1.00,40,5,6,5.4800689908139394e-14,3.6829581880388744,3682958188038.8745
exp4_raw_vs_reference_sanity,uniform_h=1.00,40,5,8,1.0273897749783326e-13,1.7910441064011982,1791044106401.1982
exp4_raw_vs_reference_sanity,uniform_h=1.00,40,5,10,7.741131606195595e-14,0.9283140530600487,928314053060.0487
exp4_raw_vs_reference_sanity,uniform_h=1.00,40,5,12,9.350758874195309e-14,0.4847539473456644,484753947345.6644
exp4_raw_vs_reference_sanity,uniform_h=1.00,40,6,2,1.062950302863192e-14,10.908073164943664,10908073164943.664
exp4_raw_vs_reference_sanity,uniform_h=1.00,40,6,4,1.886597726343344e-14,5.749229644417247,5749229644417.247
exp4_raw_vs_reference_sanity,uniform_h=1.00,40,6,6,8.394317284005406e-14,3.2555815049204013,3255581504920.4014
exp4_raw_vs_reference_sanity,uniform_h=1.00,40,6,8,5.450004775322607e-14,1.8811479714019512,1881147971401.9512
exp4_raw_vs_reference_sanity,uniform_h=1.00,40,6,10,1.1738302344660992e-13,1.051810938847319,1051810938847.319
exp4_raw_vs_reference_sanity,uniform_h=1.00,40,6,12,1.3238337018429946e-13,0.5515873114467064,551587311446.7064
exp4_raw_vs_reference_sanity,uniform_h=1.00,40,7,2,9.745935241860207e-16,22.029169309234014,22029169309234.016
exp4_raw_vs_reference_sanity,uniform_h=1.00,40,7,4,1.0481779667129013e-14,6.992080693913996,6992080693913.996
exp4_raw_vs_reference_sanity,uniform_h=1.00,40,7,6,2.999323779456845e-14,2.636760485873369,2636760485873.369
exp4_raw_vs_reference_sanity,uniform_h=1.00,40,7,8,5.5598614703435146e-14,1.2399747900877667,1239974790087.7666
exp4_raw_vs_reference_sanity,uniform_h=1.00,40,7,10,5.8467839660704e-14,0.6122307147706043,612230714770.6044
exp4_raw_vs_reference_sanity,uniform_h=1.00,40,7,12,8.677346320865153e-14,0.3218180061879879,321818006187.9879
exp4_raw_vs_reference_sanity,uniform_h=1.00,40,8,2,3.463223697550157e-14,17.663546676185824,17663546676185.824
exp4_raw_vs_reference_sanity,uniform_h=1.00,40,8,4,1.7057515574846101e-13,8.615477701718852,8615477701718.853
exp4_raw_vs_reference_sanity,uniform_h=1.00,40,8,6,1.4473030260207481e-13,4.000695571853749,4000695571853.7485
exp4_raw_vs_reference_sanity,uniform_h=1.00,40,8,8,2.471304434426673e-13,1.9073330015069507,1907333001506.9507
exp4_raw_vs_reference_sanity,uniform_h=1.00,40,8,10,1.1281610131712573e-13,0.9549833439316516,954983343931.6516
exp4_raw_vs_reference_sanity,uniform_h=1.00,40,8,12,1.0606512015458298e-13,0.5084755138433972,508475513843.39716
exp4_raw_vs_reference_sanity,uniform_h=1.00,40,9,2,2.6887338418709472e-15,12.1299248605361,12129924860536.1
exp4_raw_vs_reference_sanity,uniform_h=1.00,40,9,4,3.012678645058953e-14,7.06798958360776,7067989583607.761
exp4_raw_vs_reference_sanity,uniform_h=1.00,40,9,6,9.33681852927361e-14,3.6274476079196663,3627447607919.6665
exp4_raw_vs_reference_sanity,uniform_h=1.00,40,9,8,7.302095204253419e-14,1.7862675046367,1786267504636.7
exp4_raw_vs_reference_sanity,uniform_h=1.00,40,9,10,1.7561152740331192e-13,0.8650213940045443,865021394004.5443
exp4_raw_vs_reference_sanity,uniform_h=1.00,40,9,12,2.132915909372939e-13,0.4225789659214458,422578965921.4458
exp4_raw_vs_reference_sanity,uniform_h=1.00,40,10,2,3.88414189070654e-15,12.884360404490847,12884360404490.848
exp4_raw_vs_reference_sanity,uniform_h=1.00,40,10,4,1.6631059748228958e-14,5.282446891937806,5282446891937.806
exp4_raw_vs_reference_sanity,uniform_h=1.00,40,10,6,3.3270861095334165e-14,2.3510985688432426,2351098568843.2427
exp4_raw_vs_reference_sanity,uniform_h=1.00,40,10,8,5.211994185623214e-14,1.1795221525524175,1179522152552.4175
exp4_raw_vs_reference_sanity,uniform_h=1.00,40,10,10,7.343078643485212e-14,0.645666753635338,645666753635.338
exp4_raw_vs_reference_sanity,uniform_h=1.00,40,10,12,6.561189395477939e-14,0.35560982547919223,355609825479.19226
exp4_raw_vs_reference_sanity,uniform_h=1.00,40,11,2,1.2770555534570856e-14,23.819485408390854,23819485408390.855
exp4_raw_vs_reference_sanity,uniform_h=1.00,40,11,4,1.7091983715695587e-13,6.907244766055868,6907244766055.868
exp4_raw_vs_reference_sanity,uniform_h=1.00,40,11,6,9.128000731885798e-14,2.444290670001573,2444290670001.573
exp4_raw_vs_reference_sanity,uniform_h=1.00,40,11,8,7.174002075555384e-14,1.1105263486489765,1110526348648.9766
exp4_raw_vs_reference_sanity,uniform_h=1.00,40,11,10,1.39235164149138e-13,0.5719752749477491,571975274947.7491
exp4_raw_vs_reference_sanity,uniform_h=1.00,40,11,12,9.316611367234742e-14,0.2949918072111361,294991807211.1361
exp4_raw_vs_reference_sanity,uniform_h=1.00,40,12,2,5.985977498731892e-16,28.573033390097503,28573033390097.504
exp4_raw_vs_reference_sanity,uniform_h=1.00,40,12,4,3.363262534056874e-14,7.937748208449434,7937748208449.434
exp4_raw_vs_reference_sanity,uniform_h=1.00,40,12,6,6.227955308152827e-14,2.6514127921245727,2651412792124.5728
exp4_raw_vs_reference_sanity,uniform_h=1.00,40,12,8,8.584422392051671e-14,1.1295796337003021,1129579633700.3022
exp4_raw_vs_reference_sanity,uniform_h=1.00,40,12,10,5.623197178019446e-14,0.5420202082251298,542020208225.12976
exp4_raw_vs_reference_sanity,uniform_h=1.00,40,12,12,1.1461974942904636e-13,0.2669633274458415,266963327445.84152
exp4_raw_vs_reference_sanity,uniform_h=1.00,40,13,2,2.1576886754096444e-15,16.41581453439392,16415814534393.92
exp4_raw_vs_reference_sanity,uniform_h=1.00,40,13,4,1.4619108601917347e-14,7.154097715069579,7154097715069.579
exp4_raw_vs_reference_sanity,uniform_h=1.00,40,13,6,2.3687307249558574e-14,3.414760235501325,3414760235501.325
exp4_raw_vs_reference_sanity,uniform_h=1.00,40,13,8,4.0890774905619384e-14,1.689587726723285,1689587726723.2852
exp4_raw_vs_reference_sanity,uniform_h=1.00,40,13,10,5.2154894595844634e-14,0.8854903525040977,885490352504.0977
exp4_raw_vs_reference_sanity,uniform_h=1.00,40,13,12,9.120332156916998e-14,0.4634039717143648,463403971714.3648
exp4_raw_vs_reference_sanity,uniform_h=1.00,40,14,2,2.039921127253759e-14,34.009323159308806,34009323159308.81
exp4_raw_vs_reference_sanity,uniform_h=1.00,40,14,4,9.758148336639396e-14,9.568868232796039,9568868232796.04
exp4_raw_vs_reference_sanity,uniform_h=1.00,40,14,6,6.183528730898325e-14,3.422262906537313,3422262906537.313
exp4_raw_vs_reference_sanity,uniform_h=1.00,40,14,8,7.872485305260079e-14,1.5409048605604516,1540904860560.4517
exp4_raw_vs_reference_sanity,uniform_h=1.00,40,14,10,7.508651334279436e-14,0.7963142191655218,796314219165.5219
exp4_raw_vs_reference_sanity,uniform_h=1.00,40,14,12,1.7836631962996603e-13,0.4305438692818233,430543869281.8233
exp4_raw_vs_reference_sanity,uniform_h=1.00,40,15,2,2.1150888249621624e-14,16.98342847036377,16983428470363.77
exp4_raw_vs_reference_sanity,uniform_h=1.00,40,15,4,3.947424574833823e-14,9.545078199218164,9545078199218.164
exp4_raw_vs_reference_sanity,uniform_h=1.00,40,15,6,1.5364159995363763e-13,4.787338710206947,4787338710206.946
exp4_raw_vs_reference_sanity,uniform_h=1.00,40,15,8,2.8924601031139387e-13,2.4155474609605516,2415547460960.552
exp4_raw_vs_reference_sanity,uniform_h=1.00,40,15,10,1.7449867439245483e-13,1.2034214003677144,1203421400367.7144
exp4_raw_vs_reference_sanity,uniform_h=1.00,40,15,12,2.769958342552129e-13,0.5994874067522099,599487406752.21
exp4_raw_vs_reference_sanity,uniform_h=1.00,40,16,2,1.4598230299660202e-15,10.777416339358439,10777416339358.44
exp4_raw_vs_reference_sanity,uniform_h=1.00,40,16,4,9.454364340297975e-15,4.044058950694214,4044058950694.214
exp4_raw_vs_reference_sanity,uniform_h=1.00,40,16,6,2.5650091589999616e-14,2.0014823052225044,2001482305222.5044
exp4_raw_vs_reference_sanity,uniform_h=1.00,40,16,8,2.716215796043112e-14,1.0684981465790722,1068498146579.0721
exp4_raw_vs_reference_sanity,uniform_h=1.00,40,16,10,3.869658324667428e-14,0.5575666826009602,557566682600.9602
exp4_raw_vs_reference_sanity,uniform_h=1.00,40,16,12,4.9315316994647114e-14,0.2857572092517748,285757209251.7748
exp4_raw_vs_reference_sanity,uniform_h=1.00,40,17,2,5.116501534747389e-15,13.02341505195847,13023415051958.47
exp4_raw_vs_reference_sanity,uniform_h=1.00,40,17,4,5.648875753175228e-14,5.303036721529939,5303036721529.939
exp4_raw_vs_reference_sanity,uniform_h=1.00,40,17,6,6.441252483180893e-14,2.591176272286161,2591176272286.161
exp4_raw_vs_reference_sanity,uniform_h=1.00,40,17,8,1.438362291744621e-13,1.2467563693018198,1246756369301.8198
exp4_raw_vs_reference_sanity,uniform_h=1.00,40,17,10,1.2650824931863623e-13,0.6076146364245704,607614636424.5704
exp4_raw_vs_reference_sanity,uniform_h=1.00,40,17,12,1.7396097181591786e-13,0.3104728638134324,310472863813.43243
exp4_raw_vs_reference_sanity,uniform_h=1.00,40,18,2,6.399883700977722e-16,7.281730595789194,7281730595789.193
exp4_raw_vs_reference_sanity,uniform_h=1.00,40,18,4,1.2306957099098807e-14,3.5984931379016274,3598493137901.6274
exp4_raw_vs_reference_sanity,uniform_h=1.00,40,18,6,5.1258911983720133e-14,1.9973847694434836,1997384769443.4836
exp4_raw_vs_reference_sanity,uniform_h=1.00,40,18,8,5.3838637192304334e-14,1.0693225389155774,1069322538915.5774
exp4_raw_vs_reference_sanity,uniform_h=1.00,40,18,10,5.792087857292572e-14,0.5731774912345493,573177491234.5493
exp4_raw_vs_reference_sanity,uniform_h=1.00,40,18,12,5.6364235920993025e-14,0.3091383516596942,309138351659.6942
exp4_raw_vs_reference_sanity,uniform_h=1.00,40,19,2,6.523014696030058e-15,13.007796009359975,13007796009359.975
exp4_raw_vs_reference_sanity,uniform_h=1.00,40,19,4,5.549343463074624e-14,6.92320449259537,6923204492595.37
exp4_raw_vs_reference_sanity,uniform_h=1.00,40,19,6,8.057099938807416e-14,3.919715595562201,3919715595562.201
exp4_raw_vs_reference_sanity,uniform_h=1.00,40,19,8,1.273318487581588e-13,2.1190495852169615,2119049585216.9617
exp4_raw_vs_reference_sanity,uniform_h=1.00,40,19,10,1.1780076686518186e-13,1.1263620771057945,1126362077105.7944
exp4_raw_vs_reference_sanity,uniform_h=1.00,40,19,12,1.2945173768274601e-13,0.600130768374347,600130768374.347
exp4_raw_vs_reference_sanity,uniform_h=1.00,80,0,2,3.06402977232275e-14,28.61132467028295,28611324670282.953
exp4_raw_vs_reference_sanity,uniform_h=1.00,80,0,4,1.342095430384049e-13,12.578248144279376,12578248144279.377
exp4_raw_vs_reference_sanity,uniform_h=1.00,80,0,6,2.679254183475866e-13,5.686847401041531,5686847401041.531
exp4_raw_vs_reference_sanity,uniform_h=1.00,80,0,8,3.067671929803525e-13,2.688017257352809,2688017257352.809
exp4_raw_vs_reference_sanity,uniform_h=1.00,80,0,10,3.099573844949664e-13,1.3765702000658364,1376570200065.8364
exp4_raw_vs_reference_sanity,uniform_h=1.00,80,0,12,3.005083516277001e-13,0.7461338150653678,746133815065.3678
exp4_raw_vs_reference_sanity,uniform_h=1.00,80,1,2,2.4843633260036778e-15,26.564332765825405,26564332765825.406
exp4_raw_vs_reference_sanity,uniform_h=1.00,80,1,4,1.7199988503568252e-14,9.813987011173136,9813987011173.137
exp4_raw_vs_reference_sanity,uniform_h=1.00,80,1,6,6.55806305570816e-14,4.69968964004726,4699689640047.26
exp4_raw_vs_reference_sanity,uniform_h=1.00,80,1,8,6.291040854847466e-14,2.4218382856990677,2421838285699.068
exp4_raw_vs_reference_sanity,uniform_h=1.00,80,1,10,8.984025130071428e-14,1.2648744217747638,1264874421774.764
exp4_raw_vs_reference_sanity,uniform_h=1.00,80,1,12,9.839428821147062e-14,0.6588818657934651,658881865793.4651
exp4_raw_vs_reference_sanity,uniform_h=1.00,80,2,2,1.4073461058798288e-13,35.29823405836414,35298234058364.14
exp4_raw_vs_reference_sanity,uniform_h=1.00,80,2,4,1.11240740722426e-13,11.584346645853916,11584346645853.916
exp4_raw_vs_reference_sanity,uniform_h=1.00,80,2,6,1.018883271430021e-13,4.520117558496765,4520117558496.766
exp4_raw_vs_reference_sanity,uniform_h=1.00,80,2,8,1.3211198071896478e-13,2.041061440810353,2041061440810.3533
exp4_raw_vs_reference_sanity,uniform_h=1.00,80,2,10,2.0027457377021897e-13,1.030579314015456,1030579314015.456
exp4_raw_vs_reference_sanity,uniform_h=1.00,80,2,12,2.1002763277972131e-13,0.5409097453849883,540909745384.9883
exp4_raw_vs_reference_sanity,uniform_h=1.00,80,3,2,4.630367643652324e-15,32.64681734468778,32646817344687.785
exp4_raw_vs_reference_sanity,uniform_h=1.00,80,3,4,2.9559491572083076e-14,10.430781755731635,10430781755731.635
exp4_raw_vs_reference_sanity,uniform_h=1.00,80,3,6,6.355826656493522e-14,4.393661938849391,4393661938849.391
exp4_raw_vs_reference_sanity,uniform_h=1.00,80,3,8,5.881016713573972e-14,2.1522501500059024,2152250150005.9023
exp4_raw_vs_reference_sanity,uniform_h=1.00,80,3,10,8.970462646034227e-14,1.1121856689063496,1112185668906.3496
exp4_raw_vs_reference_sanity,uniform_h=1.00,80,3,12,1.1161954247606846e-13,0.5859216628341501,585921662834.1501
exp4_raw_vs_reference_sanity,uniform_h=1.00,80,4,2,2.1564547361941355e-15,37.71769122080611,37717691220806.11
exp4_raw_vs_reference_sanity,uniform_h=1.00,80,4,4,1.5410715242324702e-14,12.256930712576098,12256930712576.098
exp4_raw_vs_reference_sanity,uniform_h=1.00,80,4,6,5.3260508653320114e-14,4.914806996910072,4914806996910.072
exp4_raw_vs_reference_sanity,uniform_h=1.00,80,4,8,7.546099647880401e-14,2.3457578090576465,2345757809057.6465
exp4_raw_vs_reference_sanity,uniform_h=1.00,80,4,10,7.325236292057237e-14,1.2025404248996632,1202540424899.663
exp4_raw_vs_reference_sanity,uniform_h=1.00,80,4,12,1.0569184833743919e-13,0.6395733528828633,639573352882.8633
exp4_raw_vs_reference_sanity,uniform_h=1.00,80,5,2,1.289047791111213e-15,19.330720207645022,19330720207645.023
exp4_raw_vs_reference_sanity,uniform_h=1.00,80,5,4,2.4969292951232314e-14,7.513606680904905,7513606680904.905
exp4_raw_vs_reference_sanity,uniform_h=1.00,80,5,6,3.248166559283403e-14,3.6970937034985374,3697093703498.5376
exp4_raw_vs_reference_sanity,uniform_h=1.00,80,5,8,7.085675564325966e-14,1.8537427178512846,1853742717851.2847
exp4_raw_vs_reference_sanity,uniform_h=1.00,80,5,10,8.47813218260305e-14,0.9474864092090202,947486409209.0201
exp4_raw_vs_reference_sanity,uniform_h=1.00,80,5,12,1.0416458927660823e-13,0.5008990299608638,500899029960.8638
exp4_raw_vs_reference_sanity,uniform_h=1.00,80,6,2,6.397984726267684e-15,23.58950500043666,23589505000436.66
exp4_raw_vs_reference_sanity,uniform_h=1.00,80,6,4,9.401408536885143e-14,11.092349414855107,11092349414855.107
exp4_raw_vs_reference_sanity,uniform_h=1.00,80,6,6,2.829310225328452e-13,5.693391592242597,5693391592242.598
exp4_raw_vs_reference_sanity,uniform_h=1.00,80,6,8,2.0341739545712942e-13,2.9414304850968445,2941430485096.8447
exp4_raw_vs_reference_sanity,uniform_h=1.00,80,6,10,2.3032974410028806e-13,1.5346895571232286,1534689557123.2288
exp4_raw_vs_reference_sanity,uniform_h=1.00,80,6,12,3.040179027800765e-13,0.802468605939568,802468605939.568
exp4_raw_vs_reference_sanity,uniform_h=1.00,80,7,2,6.924374853728669e-15,34.663754330970235,34663754330970.234
exp4_raw_vs_reference_sanity,uniform_h=1.00,80,7,4,1.6881115046984153e-14,11.455449217134106,11455449217134.105
exp4_raw_vs_reference_sanity,uniform_h=1.00,80,7,6,4.6296126181693926e-14,4.629638006629849,4629638006629.849
exp4_raw_vs_reference_sanity,uniform_h=1.00,80,7,8,6.39726479601756e-14,2.1852024264956524,2185202426495.6526
exp4_raw_vs_reference_sanity,uniform_h=1.00,80,7,10,7.799074216051861e-14,1.1215847277146436,1121584727714.6436
exp4_raw_vs_reference_sanity,uniform_h=1.00,80,7,12,1.1238643354121104e-13,0.5894654911931437,589465491193.1438
exp4_raw_vs_reference_sanity,uniform_h=1.00,80,8,2,2.937889593597922e-14,35.08679948074537,35086799480745.37
exp4_raw_vs_reference_sanity,uniform_h=1.00,80,8,4,1.3380197291579142e-13,12.843213637504949,12843213637504.95
exp4_raw_vs_reference_sanity,uniform_h=1.00,80,8,6,2.7474641582798415e-13,5.2752966472479015,5275296647247.901
exp4_raw_vs_reference_sanity,uniform_h=1.00,80,8,8,1.6463174334743287e-13,2.4395863551820143,2439586355182.014
exp4_raw_vs_reference_sanity,uniform_h=1.00,80,8,10,2.2269152105720858e-13,1.2270742577723932,1227074257772.3933
exp4_raw_vs_reference_sanity,uniform_h=1.00,80,8,12,3.5817865698802936e-13,0.6527247347556221,652724734755.6221
exp4_raw_vs_reference_sanity,uniform_h=1.00,80,9,2,2.265608335921819e-15,31.503394858293227,31503394858293.227
exp4_raw_vs_reference_sanity,uniform_h=1.00,80,9,4,1.4216797478759757e-14,10.8449668987247,10844966898724.7
exp4_raw_vs_reference_sanity,uniform_h=1.00,80,9,6,4.9941101525052525e-14,4.876084013298582,4876084013298.582
exp4_raw_vs_reference_sanity,uniform_h=1.00,80,9,8,7.131342733296303e-14,2.4205904446591933,2420590444659.1934
exp4_raw_vs_reference_sanity,uniform_h=1.00,80,9,10,8.851443029397577e-14,1.2590623005542463,1259062300554.2463
exp4_raw_vs_reference_sanity,uniform_h=1.00,80,9,12,1.106646875837522e-13,0.6681674901399908,668167490139.9908
exp4_raw_vs_reference_sanity,uniform_h=1.00,80,10,2,4.112230696620602e-15,24.852664577725434,24852664577725.434
exp4_raw_vs_reference_sanity,uniform_h=1.00,80,10,4,3.109363624602823e-14,10.403196007946192,10403196007946.193
exp4_raw_vs_reference_sanity,uniform_h=1.00,80,10,6,6.123344495540213e-14,5.358779028502665,5358779028502.665
exp4_raw_vs_reference_sanity,uniform_h=1.00,80,10,8,7.256916005398587e-14,2.866812586861018,2866812586861.018
exp4_raw_vs_reference_sanity,uniform_h=1.00,80,10,10,1.4288251901429191e-13,1.527333771458549,1527333771458.549
exp4_raw_vs_reference_sanity,uniform_h=1.00,80,10,12,1.6000852315411e-13,0.8221795248973659,822179524897.366
exp4_raw_vs_reference_sanity,uniform_h=1.00,80,11,2,2.5514088317898196e-14,32.24800492594336,32248004925943.363
exp4_raw_vs_reference_sanity,uniform_h=1.00,80,11,4,6.140029684963154e-14,12.481019296201062,12481019296201.062
exp4_raw_vs_reference_sanity,uniform_h=1.00,80,11,6,1.7185266195328695e-13,5.4997521035345835,5499752103534.584
exp4_raw_vs_reference_sanity,uniform_h=1.00,80,11,8,2.367031923924891e-13,2.5574315595755435,2557431559575.5435
exp4_raw_vs_reference_sanity,uniform_h=1.00,80,11,10,2.1506724143758975e-13,1.2830355879030257,1283035587903.026
exp4_raw_vs_reference_sanity,uniform_h=1.00,80,11,12,3.5483825312891213e-13,0.683420589319775,683420589319.775
exp4_raw_vs_reference_sanity,uniform_h=1.00,80,12,2,4.715585011312165e-15,40.94140094945896,40941400949458.96
exp4_raw_vs_reference_sanity,uniform_h=1.00,80,12,4,1.0611914666345e-13,12.919359381540232,12919359381540.232
exp4_raw_vs_reference_sanity,uniform_h=1.00,80,12,6,8.969596155773356e-14,5.066308977458884,5066308977458.884
exp4_raw_vs_reference_sanity,uniform_h=1.00,80,12,8,1.4957852907050562e-13,2.358711312779215,2358711312779.215
exp4_raw_vs_reference_sanity,uniform_h=1.00,80,12,10,1.2829485058995504e-13,1.2035021278218156,1203502127821.8157
exp4_raw_vs_reference_sanity,uniform_h=1.00,80,12,12,1.8087553626125958e-13,0.6441469209431303,644146920943.1304
exp4_raw_vs_reference_sanity,uniform_h=1.00,80,13,2,6.1560418716616355e-15,15.882987016072963,15882987016072.963
exp4_raw_vs_reference_sanity,uniform_h=1.00,80,13,4,7.360639943915976e-14,7.039442139219386,7039442139219.387
exp4_raw_vs_reference_sanity,uniform_h=1.00,80,13,6,5.6078007814273187e-14,3.658929291785107,3658929291785.107
exp4_raw_vs_reference_sanity,uniform_h=1.00,80,13,8,1.9147286277528863e-13,1.9187795737067659,1918779573706.7659
exp4_raw_vs_reference_sanity,uniform_h=1.00,80,13,10,2.1759663604565246e-13,0.9928892474887707,992889247488.7708
exp4_raw_vs_reference_sanity,uniform_h=1.00,80,13,12,2.3836796164808814e-13,0.5223760302161061,522376030216.10614
exp4_raw_vs_reference_sanity,uniform_h=1.00,80,14,2,5.158970372344768e-15,23.192967302504872,23192967302504.87
exp4_raw_vs_reference_sanity,uniform_h=1.00,80,14,4,8.920793547185565e-14,10.87669717070002,10876697170700.02
exp4_raw_vs_reference_sanity,uniform_h=1.00,80,14,6,8.70153784704171e-14,5.301287019698289,5301287019698.289
exp4_raw_vs_reference_sanity,uniform_h=1.00,80,14,8,1.061190271865697e-13,2.6193064422207737,2619306442220.774
exp4_raw_vs_reference_sanity,uniform_h=1.00,80,14,10,9.184474463115882e-14,1.361394452450514,1361394452450.514
exp4_raw_vs_reference_sanity,uniform_h=1.00,80,14,12,1.5432933413325925e-13,0.7329370053498443,732937005349.8444
exp4_raw_vs_reference_sanity,uniform_h=1.00,80,15,2,1.79861926924279e-15,23.225607183070828,23225607183070.83
exp4_raw_vs_reference_sanity,uniform_h=1.00,80,15,4,1.2362577613993504e-14,8.680395022960965,8680395022960.966
exp4_raw_vs_reference_sanity,uniform_h=1.00,80,15,6,5.284224559934512e-14,4.341054065616081,4341054065616.081
exp4_raw_vs_reference_sanity,uniform_h=1.00,80,15,8,7.30843017624883e-14,2.3352631641709776,2335263164170.9775
exp4_raw_vs_reference_sanity,uniform_h=1.00,80,15,10,1.0094958292734391e-13,1.2882688701488183,1288268870148.8184
exp4_raw_vs_reference_sanity,uniform_h=1.00,80,15,12,1.174063855696894e-13,0.6993371520888677,699337152088.8677
exp4_raw_vs_reference_sanity,uniform_h=1.00,80,16,2,1.7140666858992108e-15,16.126687895773753,16126687895773.752
exp4_raw_vs_reference_sanity,uniform_h=1.00,80,16,4,1.5285607782223464e-14,6.93280170108915,6932801701089.15
exp4_raw_vs_reference_sanity,uniform_h=1.00,80,16,6,4.6098071941123146e-14,3.54227829832297,3542278298322.97
exp4_raw_vs_reference_sanity,uniform_h=1.00,80,16,8,5.0249097140730613e-14,1.883900924519326,1883900924519.326
exp4_raw_vs_reference_sanity,uniform_h=1.00,80,16,10,7.640442789822194e-14,1.0033746499896778,1003374649989.6779
exp4_raw_vs_reference_sanity,uniform_h=1.00,80,16,12,8.537074385853562e-14,0.5299202651903827,529920265190.38275
exp4_raw_vs_reference_sanity,uniform_h=1.00,80,17,2,2.017378661996852e-15,16.8975295508483,16897529550848.3
exp4_raw_vs_reference_sanity,uniform_h=1.00,80,17,4,4.013973736615281e-14,8.077904464475393,8077904464475.394
exp4_raw_vs_reference_sanity,uniform_h=1.00,80,17,6,5.47071129660708e-14,4.138539576232919,4138539576232.919
exp4_raw_vs_reference_sanity,uniform_h=1.00,80,17,8,9.176294452807276e-14,2.1071778476821876,2107177847682.1877
exp4_raw_vs_reference_sanity,uniform_h=1.00,80,17,10,1.138174086962517e-13,1.06542434640308,1065424346403.08
exp4_raw_vs_reference_sanity,uniform_h=1.00,80,17,12,1.2034378249050317e-13,0.5366261101493817,536626110149.38165
exp4_raw_vs_reference_sanity,uniform_h=1.00,80,18,2,2.0123606968537713e-14,55.852737022128935,55852737022128.94
exp4_raw_vs_reference_sanity,uniform_h=1.00,80,18,4,1.0722336920697341e-13,15.669511561349088,15669511561349.088
exp4_raw_vs_reference_sanity,uniform_h=1.00,80,18,6,2.39014503990546e-13,5.223188946359738,5223188946359.737
exp4_raw_vs_reference_sanity,uniform_h=1.00,80,18,8,1.675868126605051e-13,2.094793697306928,2094793697306.928
exp4_raw_vs_reference_sanity,uniform_h=1.00,80,18,10,1.694130616307452e-13,1.008088678711321,1008088678711.321
exp4_raw_vs_reference_sanity,uniform_h=1.00,80,18,12,1.4182239676890761e-13,0.5195019181120168,519501918112.01685
exp4_raw_vs_reference_sanity,uniform_h=1.00,80,19,2,2.015566539819965e-15,38.28783543378962,38287835433789.62
exp4_raw_vs_reference_sanity,uniform_h=1.00,80,19,4,1.70268179121045e-14,12.364160899764666,12364160899764.666
exp4_raw_vs_reference_sanity,uniform_h=1.00,80,19,6,6.037046806168657e-14,5.294032924810197,5294032924810.197
exp4_raw_vs_reference_sanity,uniform_h=1.00,80,19,8,6.126121559177632e-14,2.657143481964557,2657143481964.557
exp4_raw_vs_reference_sanity,uniform_h=1.00,80,19,10,8.628923895199696e-14,1.4002269737413648,1400226973741.365
exp4_raw_vs_reference_sanity,uniform_h=1.00,80,19,12,1.4027556758294385e-13,0.7334769480566725,733476948056.6725
exp4_raw_vs_reference_sanity,bounded_[0.50,2.00],20,0,2,3.8857179812305234e-14,9.290824025728158,9290824025728.158
exp4_raw_vs_reference_sanity,bounded_[0.50,2.00],20,0,4,1.7468657242818102e-13,3.081629179432104,3081629179432.104
exp4_raw_vs_reference_sanity,bounded_[0.50,2.00],20,0,6,3.0384669325820273e-13,1.3779409367516788,1377940936751.679
exp4_raw_vs_reference_sanity,bounded_[0.50,2.00],20,0,8,1.5423322369979558e-13,0.7063152538581672,706315253858.1672
exp4_raw_vs_reference_sanity,bounded_[0.50,2.00],20,0,10,2.774529911125657e-13,0.3541121098711992,354112109871.19916
exp4_raw_vs_reference_sanity,bounded_[0.50,2.00],20,0,12,4.624101285040985e-13,0.1731834548020056,173183454802.00558
exp4_raw_vs_reference_sanity,bounded_[0.50,2.00],20,1,2,1.1283118636586211e-13,8.350925350521365,8350925350521.365
exp4_raw_vs_reference_sanity,bounded_[0.50,2.00],20,1,4,1.8997687888476164e-13,2.314816181922773,2314816181922.773
exp4_raw_vs_reference_sanity,bounded_[0.50,2.00],20,1,6,1.7035319625698277e-13,0.8669979661090322,866997966109.0322
exp4_raw_vs_reference_sanity,bounded_[0.50,2.00],20,1,8,3.7069985668324397e-13,0.3391712357427089,339171235742.7089
exp4_raw_vs_reference_sanity,bounded_[0.50,2.00],20,1,10,5.852252358472316e-13,0.180500168675058,180500168675.058
exp4_raw_vs_reference_sanity,bounded_[0.50,2.00],20,1,12,1.2690203325553675e-12,0.09418700765007323,74220251034.4442
exp4_raw_vs_reference_sanity,bounded_[0.50,2.00],20,2,2,1.7734788004512912e-14,11.031725803884548,11031725803884.549
exp4_raw_vs_reference_sanity,bounded_[0.50,2.00],20,2,4,1.4162400689792944e-14,6.268439308311106,6268439308311.106
exp4_raw_vs_reference_sanity,bounded_[0.50,2.00],20,2,6,6.707365599699825e-14,3.778645200996188,3778645200996.1885
exp4_raw_vs_reference_sanity,bounded_[0.50,2.00],20,2,8,6.741689653142728e-14,2.1238072621388433,2123807262138.8433
exp4_raw_vs_reference_sanity,bounded_[0.50,2.00],20,2,10,1.200478429184135e-13,1.1358075693098242,1135807569309.8242
exp4_raw_vs_reference_sanity,bounded_[0.50,2.00],20,2,12,9.096617823590744e-14,0.5719565379872081,571956537987.2081
exp4_raw_vs_reference_sanity,bounded_[0.50,2.00],20,3,2,3.499073740374966e-13,11.54405345475485,11544053454754.852
exp4_raw_vs_reference_sanity,bounded_[0.50,2.00],20,3,4,2.318626889540236e-13,4.377069545568304,4377069545568.304
exp4_raw_vs_reference_sanity,bounded_[0.50,2.00],20,3,6,2.870906310159e-13,2.0797860387814584,2079786038781.4585
exp4_raw_vs_reference_sanity,bounded_[0.50,2.00],20,3,8,2.986430486626944e-13,1.0326353525970886,1032635352597.0886
exp4_raw_vs_reference_sanity,bounded_[0.50,2.00],20,3,10,3.1182026105054715e-13,0.515953925816196,515953925816.19604
exp4_raw_vs_reference_sanity,bounded_[0.50,2.00],20,3,12,2.505201102668656e-13,0.26183432428697756,261834324286.97757
exp4_raw_vs_reference_sanity,bounded_[0.50,2.00],20,4,2,6.607675030581528e-14,15.606227771249944,15606227771249.945
exp4_raw_vs_reference_sanity,bounded_[0.50,2.00],20,4,4,2.469124233120475e-13,6.91958879566619,6919588795666.19
exp4_raw_vs_reference_sanity,bounded_[0.50,2.00],20,4,6,5.529685058756197e-13,3.514491967248893,3514491967248.893
exp4_raw_vs_reference_sanity,bounded_[0.50,2.00],20,4,8,5.699338459113658e-13,2.087458826078286,2087458826078.2861
exp4_raw_vs_reference_sanity,bounded_[0.50,2.00],20,4,10,3.7345511152021745e-13,0.9753468132397387,975346813239.7388
exp4_raw_vs_reference_sanity,bounded_[0.50,2.00],20,4,12,4.2640214605669154e-13,0.45887634488576406,458876344885.7641
exp4_raw_vs_reference_sanity,bounded_[0.50,2.00],20,5,2,7.08461497879709e-14,19.313660209368805,19313660209368.805
exp4_raw_vs_reference_sanity,bounded_[0.50,2.00],20,5,4,7.900607962998751e-13,7.643764171604783,7643764171604.783
exp4_raw_vs_reference_sanity,bounded_[0.50,2.00],20,5,6,9.77803340312682e-13,3.3270324533970803,3327032453397.0806
exp4_raw_vs_reference_sanity,bounded_[0.50,2.00],20,5,8,8.968936020043627e-13,1.5885400095854187,1588540009585.4187
exp4_raw_vs_reference_sanity,bounded_[0.50,2.00],20,5,10,7.031763152276833e-13,0.8047999353436819,804799935343.6819
exp4_raw_vs_reference_sanity,bounded_[0.50,2.00],20,5,12,5.939447219090498e-13,0.4353944147493542,435394414749.3542
exp4_raw_vs_reference_sanity,bounded_[0.50,2.00],20,6,2,1.325119609839154e-13,28.146291197597705,28146291197597.707
exp4_raw_vs_reference_sanity,bounded_[0.50,2.00],20,6,4,2.918731188211875e-13,11.333830677569011,11333830677569.012
exp4_raw_vs_reference_sanity,bounded_[0.50,2.00],20,6,6,6.57179004784258e-13,4.846156902128399,4846156902128.399
exp4_raw_vs_reference_sanity,bounded_[0.50,2.00],20,6,8,3.962312268156134e-12,2.173715881480223,548597822274.0541
exp4_raw_vs_reference_sanity,bounded_[0.50,2.00],20,6,10,2.6597874383861888e-12,1.1149164655203743,419175024827.1131
exp4_raw_vs_reference_sanity,bounded_[0.50,2.00],20,6,12,1.927311456398061e-13,0.6073231487393871,607323148739.3871
exp4_raw_vs_reference_sanity,bounded_[0.50,2.00],20,7,2,1.0785837635239697e-14,14.323537113561116,14323537113561.117
exp4_raw_vs_reference_sanity,bounded_[0.50,2.00],20,7,4,2.319630350227574e-14,4.550962104559445,4550962104559.445
exp4_raw_vs_reference_sanity,bounded_[0.50,2.00],20,7,6,2.4826716682184193e-14,2.172943645023713,2172943645023.7131
exp4_raw_vs_reference_sanity,bounded_[0.50,2.00],20,7,8,3.231429547225897e-14,0.9588615401879331,958861540187.9331
exp4_raw_vs_reference_sanity,bounded_[0.50,2.00],20,7,10,6.079763335614911e-14,0.48721296272770653,487212962727.70654
exp4_raw_vs_reference_sanity,bounded_[0.50,2.00],20,7,12,9.991609577801988e-14,0.24132574250002964,241325742500.02963
exp4_raw_vs_reference_sanity,bounded_[0.50,2.00],20,8,2,2.474294595778273e-14,14.134815289449945,14134815289449.945
exp4_raw_vs_reference_sanity,bounded_[0.50,2.00],20,8,4,9.881057471040015e-14,4.674309951724269,4674309951724.27
exp4_raw_vs_reference_sanity,bounded_[0.50,2.00],20,8,6,5.831310303415196e-14,2.075942063369681,2075942063369.6812
exp4_raw_vs_reference_sanity,bounded_[0.50,2.00],20,8,8,7.950464229766725e-14,1.1967064438197381,1196706443819.738
exp4_raw_vs_reference_sanity,bounded_[0.50,2.00],20,8,10,9.43785755968824e-14,0.7032887089159648,703288708915.9648
exp4_raw_vs_reference_sanity,bounded_[0.50,2.00],20,8,12,1.1739035508401541e-13,0.3795088565832616,379508856583.2616
exp4_raw_vs_reference_sanity,bounded_[0.50,2.00],20,9,2,2.217305899872387e-14,6.860228943792867,6860228943792.867
exp4_raw_vs_reference_sanity,bounded_[0.50,2.00],20,9,4,2.239824459026659e-14,2.8002022640112703,2800202264011.2705
exp4_raw_vs_reference_sanity,bounded_[0.50,2.00],20,9,6,8.09055433716924e-14,1.4055108746414589,1405510874641.459
exp4_raw_vs_reference_sanity,bounded_[0.50,2.00],20,9,8,7.365476604371164e-14,0.7218031921809521,721803192180.9521
exp4_raw_vs_reference_sanity,bounded_[0.50,2.00],20,9,10,6.222913876750342e-14,0.39432211116127136,394322111161.27136
exp4_raw_vs_reference_sanity,bounded_[0.50,2.00],20,9,12,9.242348136197496e-14,0.20895847794403632,208958477944.03632
exp4_raw_vs_reference_sanity,bounded_[0.50,2.00],20,10,2,2.0104939132649762e-13,44.74812777989427,44748127779894.266
exp4_raw_vs_reference_sanity,bounded_[0.50,2.00],20,10,4,1.70170791400167e-13,16.46297521274872,16462975212748.72
exp4_raw_vs_reference_sanity,bounded_[0.50,2.00],20,10,6,8.666329822393463e-13,6.088637402780427,6088637402780.427
exp4_raw_vs_reference_sanity,bounded_[0.50,2.00],20,10,8,4.847974444487297e-13,2.667937315040801,2667937315040.801
exp4_raw_vs_reference_sanity,bounded_[0.50,2.00],20,10,10,5.209626641562468e-13,1.4138650691742518,1413865069174.252
exp4_raw_vs_reference_sanity,bounded_[0.50,2.00],20,10,12,4.779620734372279e-13,0.7400112021776701,740011202177.6702
exp4_raw_vs_reference_sanity,bounded_[0.50,2.00],20,11,2,2.2311942001798053e-14,10.147033910365314,10147033910365.314
exp4_raw_vs_reference_sanity,bounded_[0.50,2.00],20,11,4,1.0725476959815568e-13,3.346248355016102,3346248355016.102
exp4_raw_vs_reference_sanity,bounded_[0.50,2.00],20,11,6,3.966503670667281e-14,1.4623012930480244,1462301293048.0244
exp4_raw_vs_reference_sanity,bounded_[0.50,2.00],20,11,8,7.177915069032458e-14,0.8004888077416753,800488807741.6753
exp4_raw_vs_reference_sanity,bounded_[0.50,2.00],20,11,10,1.247334754055572e-13,0.3156511978040258,315651197804.0258
exp4_raw_vs_reference_sanity,bounded_[0.50,2.00],20,11,12,1.0461674393427286e-13,0.14310992759295943,143109927592.95944
exp4_raw_vs_reference_sanity,bounded_[0.50,2.00],20,12,2,1.2055757464896504e-14,4.675591496032995,4675591496032.995
exp4_raw_vs_reference_sanity,bounded_[0.50,2.00],20,12,4,1.2128216475499904e-14,3.054277901242882,3054277901242.882
exp4_raw_vs_reference_sanity,bounded_[0.50,2.00],20,12,6,3.647149768379224e-14,1.7801132750370716,1780113275037.0715
exp4_raw_vs_reference_sanity,bounded_[0.50,2.00],20,12,8,3.682675253014251e-14,0.9920224018022136,992022401802.2136
exp4_raw_vs_reference_sanity,bounded_[0.50,2.00],20,12,10,2.6551225534215373e-14,0.5333921727809982,533392172780.99817
exp4_raw_vs_reference_sanity,bounded_[0.50,2.00],20,12,12,5.796429522187358e-14,0.2739473556828289,273947355682.82892
exp4_raw_vs_reference_sanity,bounded_[0.50,2.00],20,13,2,4.6577985460495716e-14,7.784748969200301,7784748969200.301
exp4_raw_vs_reference_sanity,bounded_[0.50,2.00],20,13,4,1.1088901605686738e-13,4.714990057843948,4714990057843.947
exp4_raw_vs_reference_sanity,bounded_[0.50,2.00],20,13,6,9.220867140537041e-14,2.5768323470705883,2576832347070.5884
exp4_raw_vs_reference_sanity,bounded_[0.50,2.00],20,13,8,1.1008946349534775e-13,1.3319584716135484,1331958471613.5483
exp4_raw_vs_reference_sanity,bounded_[0.50,2.00],20,13,10,1.3525665719977203e-13,0.6706855250216099,670685525021.61
exp4_raw_vs_reference_sanity,bounded_[0.50,2.00],20,13,12,1.40555480125271e-13,0.3195712680881334,319571268088.1334
exp4_raw_vs_reference_sanity,bounded_[0.50,2.00],20,14,2,1.2450615240908532e-14,8.02070165865573,8020701658655.7295
exp4_raw_vs_reference_sanity,bounded_[0.50,2.00],20,14,4,5.5250281105914703e-14,2.725091179586571,2725091179586.571
exp4_raw_vs_reference_sanity,bounded_[0.50,2.00],20,14,6,7.963526847885737e-14,1.0647359167051749,1064735916705.1749
exp4_raw_vs_reference_sanity,bounded_[0.50,2.00],20,14,8,1.5528596661114134e-13,0.5983173373268035,598317337326.8035
exp4_raw_vs_reference_sanity,bounded_[0.50,2.00],20,14,10,8.558004920321106e-14,0.3692895215870057,369289521587.0057
exp4_raw_vs_reference_sanity,bounded_[0.50,2.00],20,14,12,1.0534279814330463e-13,0.17954562562228998,179545625622.28998
exp4_raw_vs_reference_sanity,bounded_[0.50,2.00],20,15,2,9.411220751199645e-15,6.6938088456465525,6693808845646.553
exp4_raw_vs_reference_sanity,bounded_[0.50,2.00],20,15,4,6.953813930117663e-14,2.3504215098595442,2350421509859.5444
exp4_raw_vs_reference_sanity,bounded_[0.50,2.00],20,15,6,3.788790961256521e-14,0.8035977356400966,803597735640.0967
exp4_raw_vs_reference_sanity,bounded_[0.50,2.00],20,15,8,4.3322985924542864e-14,0.22673079601636448,226730796016.36447
exp4_raw_vs_reference_sanity,bounded_[0.50,2.00],20,15,10,2.3214136393481857e-14,0.12468901028019276,124689010280.19276
exp4_raw_vs_reference_sanity,bounded_[0.50,2.00],20,15,12,2.979217031758336e-14,0.08790419877907664,87904198779.07664
exp4_raw_vs_reference_sanity,bounded_[0.50,2.00],20,16,2,6.621871881721968e-14,11.096562318272815,11096562318272.814
exp4_raw_vs_reference_sanity,bounded_[0.50,2.00],20,16,4,2.989103616470156e-13,5.764512548525659,5764512548525.659
exp4_raw_vs_reference_sanity,bounded_[0.50,2.00],20,16,6,5.158570372535117e-13,3.0585132191148423,3058513219114.8423
exp4_raw_vs_reference_sanity,bounded_[0.50,2.00],20,16,8,4.3075920938422634e-13,1.6091345124007321,1609134512400.7322
exp4_raw_vs_reference_sanity,bounded_[0.50,2.00],20,16,10,3.8757539040015e-13,0.8601950567098903,860195056709.8903
exp4_raw_vs_reference_sanity,bounded_[0.50,2.00],20,16,12,2.6226129360759415e-13,0.4757920945459661,475792094545.9661
exp4_raw_vs_reference_sanity,bounded_[0.50,2.00],20,17,2,1.3028318425991085e-14,9.516962541149104,9516962541149.104
exp4_raw_vs_reference_sanity,bounded_[0.50,2.00],20,17,4,1.542118513531279e-13,3.5833797382767405,3583379738276.7407
exp4_raw_vs_reference_sanity,bounded_[0.50,2.00],20,17,6,3.6647963540049415e-13,1.825548487061379,1825548487061.379
exp4_raw_vs_reference_sanity,bounded_[0.50,2.00],20,17,8,1.0179110907951568e-12,0.9724309254877722,955320100430.5227
exp4_raw_vs_reference_sanity,bounded_[0.50,2.00],20,17,10,3.867644984705472e-13,0.521867897711016,521867897711.01605
exp4_raw_vs_reference_sanity,bounded_[0.50,2.00],20,17,12,5.472657929092402e-13,0.2656559011420863,265655901142.08633
exp4_raw_vs_reference_sanity,bounded_[0.50,2.00],20,18,2,2.591806987143536e-13,6.728914309168455,6728914309168.455
exp4_raw_vs_reference_sanity,bounded_[0.50,2.00],20,18,4,2.952168569398453e-13,4.161497884858959,4161497884858.9595
exp4_raw_vs_reference_sanity,bounded_[0.50,2.00],20,18,6,1.4721658795413286e-12,2.540998773498077,1726027486990.6348
exp4_raw_vs_reference_sanity,bounded_[0.50,2.00],20,18,8,1.4705648325441621e-12,1.4946134893596832,1016353346879.5901
exp4_raw_vs_reference_sanity,bounded_[0.50,2.00],20,18,10,1.6863772909190933e-12,0.818516765679989,485369893254.36707
exp4_raw_vs_reference_sanity,bounded_[0.50,2.00],20,18,12,1.9866938601715057e-12,0.43519244478166086,219053601315.34906
exp4_raw_vs_reference_sanity,bounded_[0.50,2.00],20,19,2,1.998494427849048e-13,14.219514487606604,14219514487606.604
exp4_raw_vs_reference_sanity,bounded_[0.50,2.00],20,19,4,4.4605426035226264e-13,5.929829027874711,5929829027874.711
exp4_raw_vs_reference_sanity,bounded_[0.50,2.00],20,19,6,4.1813658486349283e-13,2.4832405503558865,2483240550355.8867
exp4_raw_vs_reference_sanity,bounded_[0.50,2.00],20,19,8,1.3130853111998745e-13,0.8728320135651978,872832013565.1978
exp4_raw_vs_reference_sanity,bounded_[0.50,2.00],20,19,10,2.0393029861833013e-13,0.38171615137119225,381716151371.19226
exp4_raw_vs_reference_sanity,bounded_[0.50,2.00],20,19,12,1.9905769387145468e-13,0.22364986514218324,223649865142.18326
exp4_raw_vs_reference_sanity,bounded_[0.50,2.00],40,0,2,2.473883161698365e-13,20.81038745275167,20810387452751.668
exp4_raw_vs_reference_sanity,bounded_[0.50,2.00],40,0,4,2.9006069569292243e-13,9.398687674319044,9398687674319.045
exp4_raw_vs_reference_sanity,bounded_[0.50,2.00],40,0,6,2.2746644868409076e-13,3.6750562400449627,3675056240044.963
exp4_raw_vs_reference_sanity,bounded_[0.50,2.00],40,0,8,7.394372567147534e-13,1.5246932033084397,1524693203308.4397
exp4_raw_vs_reference_sanity,bounded_[0.50,2.00],40,0,10,1.8651344037967968e-13,0.7286130758298452,728613075829.8452
exp4_raw_vs_reference_sanity,bounded_[0.50,2.00],40,0,12,3.031332374766565e-13,0.42296909060822757,422969090608.2276
exp4_raw_vs_reference_sanity,bounded_[0.50,2.00],40,1,2,3.0060799610940044e-14,16.507842143805952,16507842143805.953
exp4_raw_vs_reference_sanity,bounded_[0.50,2.00],40,1,4,3.688780692216883e-14,7.8808317016451666,7880831701645.167
exp4_raw_vs_reference_sanity,bounded_[0.50,2.00],40,1,6,1.0592036286068441e-13,4.101735593217774,4101735593217.7744
exp4_raw_vs_reference_sanity,bounded_[0.50,2.00],40,1,8,1.0037732096166036e-13,2.0317641608161914,2031764160816.1914
exp4_raw_vs_reference_sanity,bounded_[0.50,2.00],40,1,10,1.324978813353429e-13,1.0270238745289941,1027023874528.9941
exp4_raw_vs_reference_sanity,bounded_[0.50,2.00],40,1,12,1.431734242184138e-13,0.5216796250521385,521679625052.1385
exp4_raw_vs_reference_sanity,bounded_[0.50,2.00],40,2,2,1.9264203805119428e-14,21.397627600890992,21397627600890.992
exp4_raw_vs_reference_sanity,bounded_[0.50,2.00],40,2,4,2.6785487672000184e-14,7.2427359776387865,7242735977638.787
exp4_raw_vs_reference_sanity,bounded_[0.50,2.00],40,2,6,2.4664254707626975e-13,3.2983242824125134,3298324282412.5137
exp4_raw_vs_reference_sanity,bounded_[0.50,2.00],40,2,8,1.3065649733001602e-13,1.7208195690935504,1720819569093.5505
exp4_raw_vs_reference_sanity,bounded_[0.50,2.00],40,2,10,2.2812948611935434e-13,0.8605217374694619,860521737469.4619
exp4_raw_vs_reference_sanity,bounded_[0.50,2.00],40,2,12,2.273362123466903e-13,0.43410418983803933,434104189838.03937
exp4_raw_vs_reference_sanity,bounded_[0.50,2.00],40,3,2,2.046994678100745e-14,26.811461655776803,26811461655776.805
exp4_raw_vs_reference_sanity,bounded_[0.50,2.00],40,3,4,5.806358502836153e-14,7.117544563297026,7117544563297.025
exp4_raw_vs_reference_sanity,bounded_[0.50,2.00],40,3,6,6.427888151324205e-14,2.348682744737767,2348682744737.767
exp4_raw_vs_reference_sanity,bounded_[0.50,2.00],40,3,8,7.347787551769199e-14,0.9981323667762015,998132366776.2015
exp4_raw_vs_reference_sanity,bounded_[0.50,2.00],40,3,10,8.3454731349273e-14,0.5096129443613643,509612944361.3643
exp4_raw_vs_reference_sanity,bounded_[0.50,2.00],40,3,12,6.45239686898407e-14,0.2632657903334609,263265790333.46094
exp4_raw_vs_reference_sanity,bounded_[0.50,2.00],40,4,2,2.2464512874905197e-12,75.48995135259445,33604090047696.184
exp4_raw_vs_reference_sanity,bounded_[0.50,2.00],40,4,4,1.0133561548915871e-12,27.75411999652068,27388317387276.27
exp4_raw_vs_reference_sanity,bounded_[0.50,2.00],40,4,6,6.7025772159397614e-12,10.462462853533868,1560961182014.0645
exp4_raw_vs_reference_sanity,bounded_[0.50,2.00],40,4,8,1.0190566603659867e-12,4.141418045071185,4063972305115.8164
exp4_raw_vs_reference_sanity,bounded_[0.50,2.00],40,4,10,1.1620210753188605e-12,1.9638269507989616,1690009753274.1257
exp4_raw_vs_reference_sanity,bounded_[0.50,2.00],40,4,12,3.242554448715134e-12,1.0278740179954535,316995145109.3596
exp4_raw_vs_reference_sanity,bounded_[0.50,2.00],40,5,2,1.0403544821268598e-14,8.354224429145935,8354224429145.936
exp4_raw_vs_reference_sanity,bounded_[0.50,2.00],40,5,4,7.50970571904849e-15,3.8184511822485705,3818451182248.571
exp4_raw_vs_reference_sanity,bounded_[0.50,2.00],40,5,6,1.569627101924035e-14,1.9198112842004202,1919811284200.4202
exp4_raw_vs_reference_sanity,bounded_[0.50,2.00],40,5,8,2.8464538861332386e-14,0.9781912591967162,978191259196.7163
exp4_raw_vs_reference_sanity,bounded_[0.50,2.00],40,5,10,5.4004937011508425e-14,0.5347720954827945,534772095482.7945
exp4_raw_vs_reference_sanity,bounded_[0.50,2.00],40,5,12,6.625686954795278e-14,0.2909093693920685,290909369392.06854
exp4_raw_vs_reference_sanity,bounded_[0.50,2.00],40,6,2,7.523867816016376e-15,24.619572090176668,24619572090176.668
exp4_raw_vs_reference_sanity,bounded_[0.50,2.00],40,6,4,1.6474709703841562e-14,8.355998240803537,8355998240803.537
exp4_raw_vs_reference_sanity,bounded_[0.50,2.00],40,6,6,2.6861301275204187e-14,2.4328197949717616,2432819794971.7617
exp4_raw_vs_reference_sanity,bounded_[0.50,2.00],40,6,8,4.251927294024175e-14,1.0357401466971878,1035740146697.1879
exp4_raw_vs_reference_sanity,bounded_[0.50,2.00],40,6,10,7.260861132198449e-14,0.4810775122218501,481077512221.8501
exp4_raw_vs_reference_sanity,bounded_[0.50,2.00],40,6,12,8.694640671731135e-14,0.22847225580514474,228472255805.14474
exp4_raw_vs_reference_sanity,bounded_[0.50,2.00],40,7,2,1.6872498055167787e-13,20.873720602875757,20873720602875.758
exp4_raw_vs_reference_sanity,bounded_[0.50,2.00],40,7,4,6.221056613244136e-13,9.29919692241847,9299196922418.47
exp4_raw_vs_reference_sanity,bounded_[0.50,2.00],40,7,6,1.3077682845895396e-12,4.310810470001451,3296310608537.5483
exp4_raw_vs_reference_sanity,bounded_[0.50,2.00],40,7,8,1.0041182268114522e-12,2.169157901070566,2160261454429.189
exp4_raw_vs_reference_sanity,bounded_[0.50,2.00],40,7,10,1.5122526374390365e-12,1.2321680812808122,814789837872.235
exp4_raw_vs_reference_sanity,bounded_[0.50,2.00],40,7,12,3.032362305460142e-12,0.670437840059156,221094240240.34003
exp4_raw_vs_reference_sanity,bounded_[0.50,2.00],40,8,2,3.21779185874343e-14,11.471824410492633,11471824410492.633
exp4_raw_vs_reference_sanity,bounded_[0.50,2.00],40,8,4,1.4246507600679223e-13,5.975396231743634,5975396231743.634
exp4_raw_vs_reference_sanity,bounded_[0.50,2.00],40,8,6,4.052244894458768e-14,2.6789519478174975,2678951947817.4976
exp4_raw_vs_reference_sanity,bounded_[0.50,2.00],40,8,8,5.809247748917854e-14,1.5028134770836639,1502813477083.6638
exp4_raw_vs_reference_sanity,bounded_[0.50,2.00],40,8,10,9.701567219850822e-14,1.230833039877562,1230833039877.562
exp4_raw_vs_reference_sanity,bounded_[0.50,2.00],40,8,12,3.1113145998176015e-13,0.7929401597488435,792940159748.8435
exp4_raw_vs_reference_sanity,bounded_[0.50,2.00],40,9,2,1.6753654624363628e-14,9.650892604533983,9650892604533.982
exp4_raw_vs_reference_sanity,bounded_[0.50,2.00],40,9,4,2.6218160372556625e-14,4.9710521666180005,4971052166618.001
exp4_raw_vs_reference_sanity,bounded_[0.50,2.00],40,9,6,1.1821881973307758e-13,2.5595414322926016,2559541432292.6016
exp4_raw_vs_reference_sanity,bounded_[0.50,2.00],40,9,8,1.6338903010876916e-13,1.249812182413843,1249812182413.843
exp4_raw_vs_reference_sanity,bounded_[0.50,2.00],40,9,10,1.6777483971202756e-13,0.6322693275129354,632269327512.9354
exp4_raw_vs_reference_sanity,bounded_[0.50,2.00],40,9,12,1.159692150866137e-13,0.31636233011263326,316362330112.63324
exp4_raw_vs_reference_sanity,bounded_[0.50,2.00],40,10,2,1.275790950487631e-14,8.97122508296287,8971225082962.871
exp4_raw_vs_reference_sanity,bounded_[0.50,2.00],40,10,4,3.2317645616062744e-14,4.590485279589045,4590485279589.046
exp4_raw_vs_reference_sanity,bounded_[0.50,2.00],40,10,6,2.670965784468745e-14,2.531572411045311,2531572411045.311
exp4_raw_vs_reference_sanity,bounded_[0.50,2.00],40,10,8,1.087581155450881e-13,1.3068910932780355,1306891093278.0356
exp4_raw_vs_reference_sanity,bounded_[0.50,2.00],40,10,10,1.0958571578719347e-13,0.6456365336582687,645636533658.2687
exp4_raw_vs_reference_sanity,bounded_[0.50,2.00],40,10,12,9.676948404137366e-14,0.30155712117459277,301557121174.5928
exp4_raw_vs_reference_sanity,bounded_[0.50,2.00],40,11,2,1.8716551167068327e-14,33.16245763563521,33162457635635.207
exp4_raw_vs_reference_sanity,bounded_[0.50,2.00],40,11,4,3.35795819055761e-14,11.85918066152618,11859180661526.18
exp4_raw_vs_reference_sanity,bounded_[0.50,2.00],40,11,6,8.911521083008765e-14,5.042967885627121,5042967885627.121
exp4_raw_vs_reference_sanity,bounded_[0.50,2.00],40,11,8,1.5461005833775663e-13,2.3947600174547183,2394760017454.7183
exp4_raw_vs_reference_sanity,bounded_[0.50,2.00],40,11,10,1.5339668776856128e-13,1.2250907055821403,1225090705582.1404
exp4_raw_vs_reference_sanity,bounded_[0.50,2.00],40,11,12,2.1578819074966564e-13,0.5944391935383714,594439193538.3713
exp4_raw_vs_reference_sanity,bounded_[0.50,2.00],40,12,2,1.496739590509692e-14,24.149272391699977,24149272391699.977
exp4_raw_vs_reference_sanity,bounded_[0.50,2.00],40,12,4,3.602698982098143e-14,6.890770295801399,6890770295801.399
exp4_raw_vs_reference_sanity,bounded_[0.50,2.00],40,12,6,5.431172654313224e-14,2.2619829554123703,2261982955412.37
exp4_raw_vs_reference_sanity,bounded_[0.50,2.00],40,12,8,4.988589773529941e-14,0.9412781590178229,941278159017.8229
exp4_raw_vs_reference_sanity,bounded_[0.50,2.00],40,12,10,5.901611799338923e-14,0.46164122395240437,461641223952.40436
exp4_raw_vs_reference_sanity,bounded_[0.50,2.00],40,12,12,6.030417568450985e-14,0.24123870765778718,241238707657.7872
exp4_raw_vs_reference_sanity,bounded_[0.50,2.00],40,13,2,3.414375347810549e-13,26.938877982647064,26938877982647.062
exp4_raw_vs_reference_sanity,bounded_[0.50,2.00],40,13,4,4.894500872240406e-13,12.74835940843272,12748359408432.719
exp4_raw_vs_reference_sanity,bounded_[0.50,2.00],40,13,6,7.856738491888626e-13,5.443836867499416,5443836867499.417
exp4_raw_vs_reference_sanity,bounded_[0.50,2.00],40,13,8,1.071239987812406e-12,2.4617931624144487,2298078106141.0063
exp4_raw_vs_reference_sanity,bounded_[0.50,2.00],40,13,10,1.039690023984544e-12,1.2858646519346915,1236776945311.7375
exp4_raw_vs_reference_sanity,bounded_[0.50,2.00],40,13,12,5.646721769795338e-13,0.6396955285046427,639695528504.6427
exp4_raw_vs_reference_sanity,bounded_[0.50,2.00],40,14,2,1.5747041252430537e-14,24.40705231799493,24407052317994.93
exp4_raw_vs_reference_sanity,bounded_[0.50,2.00],40,14,4,9.10094954145646e-14,7.904839980848731,7904839980848.731
exp4_raw_vs_reference_sanity,bounded_[0.50,2.00],40,14,6,1.5294371676223902e-13,2.8598646444670477,2859864644467.048
exp4_raw_vs_reference_sanity,bounded_[0.50,2.00],40,14,8,1.5309615324926036e-13,1.3624537073991914,1362453707399.1914
exp4_raw_vs_reference_sanity,bounded_[0.50,2.00],40,14,10,2.1358699847022794e-13,0.7421893156802387,742189315680.2388
exp4_raw_vs_reference_sanity,bounded_[0.50,2.00],40,14,12,2.2616565505428435e-13,0.39922302088555156,399223020885.5516
exp4_raw_vs_reference_sanity,bounded_[0.50,2.00],40,15,2,2.4156060304355655e-14,18.23788817657939,18237888176579.39
exp4_raw_vs_reference_sanity,bounded_[0.50,2.00],40,15,4,4.8903847591382667e-14,7.389683512678594,7389683512678.594
exp4_raw_vs_reference_sanity,bounded_[0.50,2.00],40,15,6,1.1069330663831012e-13,3.9211593746189846,3921159374618.985
exp4_raw_vs_reference_sanity,bounded_[0.50,2.00],40,15,8,1.8242646857315376e-13,2.090246808165262,2090246808165.262
exp4_raw_vs_reference_sanity,bounded_[0.50,2.00],40,15,10,2.1389702679084939e-13,1.122905807980723,1122905807980.7231
exp4_raw_vs_reference_sanity,bounded_[0.50,2.00],40,15,12,1.9918894866963592e-13,0.6057040101982861,605704010198.2861
exp4_raw_vs_reference_sanity,bounded_[0.50,2.00],40,16,2,1.0200616305593809e-14,18.43658563885649,18436585638856.49
exp4_raw_vs_reference_sanity,bounded_[0.50,2.00],40,16,4,4.984669743501165e-14,5.927801949007306,5927801949007.307
exp4_raw_vs_reference_sanity,bounded_[0.50,2.00],40,16,6,3.7450492950489664e-14,2.0470566173313007,2047056617331.3008
exp4_raw_vs_reference_sanity,bounded_[0.50,2.00],40,16,8,8.330660056417578e-14,0.8642401624665612,864240162466.5613
exp4_raw_vs_reference_sanity,bounded_[0.50,2.00],40,16,10,7.325999030234058e-14,0.4320058052067888,432005805206.78876
exp4_raw_vs_reference_sanity,bounded_[0.50,2.00],40,16,12,1.141561994998873e-13,0.2258560680577818,225856068057.7818
exp4_raw_vs_reference_sanity,bounded_[0.50,2.00],40,17,2,7.751242243065434e-15,8.026953499540099,8026953499540.099
exp4_raw_vs_reference_sanity,bounded_[0.50,2.00],40,17,4,6.171920577989128e-15,2.824838901475849,2824838901475.8486
exp4_raw_vs_reference_sanity,bounded_[0.50,2.00],40,17,6,2.4073571819622662e-14,1.3301343359155005,1330134335915.5005
exp4_raw_vs_reference_sanity,bounded_[0.50,2.00],40,17,8,4.478806809659801e-14,0.7180286621184903,718028662118.4902
exp4_raw_vs_reference_sanity,bounded_[0.50,2.00],40,17,10,4.0432835753610175e-14,0.38392980783722397,383929807837.224
exp4_raw_vs_reference_sanity,bounded_[0.50,2.00],40,17,12,5.5923393955044386e-14,0.19580722294605563,195807222946.05563
exp4_raw_vs_reference_sanity,bounded_[0.50,2.00],40,18,2,2.955131211191113e-13,16.029007095651593,16029007095651.594
exp4_raw_vs_reference_sanity,bounded_[0.50,2.00],40,18,4,2.276890329237355e-12,5.286432947694898,2321777592803.774
exp4_raw_vs_reference_sanity,bounded_[0.50,2.00],40,18,6,1.7938255698111553e-13,2.6441141008137756,2644114100813.776
exp4_raw_vs_reference_sanity,bounded_[0.50,2.00],40,18,8,1.8328191735461005e-13,1.3136629680988825,1313662968098.8826
exp4_raw_vs_reference_sanity,bounded_[0.50,2.00],40,18,10,8.197149521449899e-13,0.6740908957780327,674090895778.0327
exp4_raw_vs_reference_sanity,bounded_[0.50,2.00],40,18,12,1.584556730220627e-13,0.32950123022929667,329501230229.2967
exp4_raw_vs_reference_sanity,bounded_[0.50,2.00],40,19,2,1.6554111146650786e-14,15.56344117644791,15563441176447.91
exp4_raw_vs_reference_sanity,bounded_[0.50,2.00],40,19,4,2.3913962350620156e-14,6.251535414211243,6251535414211.243
exp4_raw_vs_reference_sanity,bounded_[0.50,2.00],40,19,6,6.437931195965347e-14,3.285987824425707,3285987824425.707
exp4_raw_vs_reference_sanity,bounded_[0.50,2.00],40,19,8,7.551590684993321e-14,1.7394329434977098,1739432943497.71
exp4_raw_vs_reference_sanity,bounded_[0.50,2.00],40,19,10,7.194146158072501e-14,0.9243367578976004,924336757897.6005
exp4_raw_vs_reference_sanity,bounded_[0.50,2.00],40,19,12,1.8131497437004376e-13,0.4972075825416827,497207582541.6827
exp4_raw_vs_reference_sanity,bounded_[0.50,2.00],80,0,2,8.04274630332623e-14,17.98193748876688,17981937488766.883
exp4_raw_vs_reference_sanity,bounded_[0.50,2.00],80,0,4,8.528204303355689e-14,6.3136616059616895,6313661605961.689
exp4_raw_vs_reference_sanity,bounded_[0.50,2.00],80,0,6,1.5871282459553537e-13,2.9514043365021143,2951404336502.1143
exp4_raw_vs_reference_sanity,bounded_[0.50,2.00],80,0,8,2.329491834882032e-13,1.5184262102710098,1518426210271.0098
exp4_raw_vs_reference_sanity,bounded_[0.50,2.00],80,0,10,2.7928044341805733e-13,0.776974154003412,776974154003.412
exp4_raw_vs_reference_sanity,bounded_[0.50,2.00],80,0,12,2.0782184871687142e-13,0.42220722770831065,422207227708.31067
exp4_raw_vs_reference_sanity,bounded_[0.50,2.00],80,1,2,4.611324831391605e-14,57.98688837329488,57986888373294.88
exp4_raw_vs_reference_sanity,bounded_[0.50,2.00],80,1,4,6.12945115282821e-14,17.639092893234153,17639092893234.152
exp4_raw_vs_reference_sanity,bounded_[0.50,2.00],80,1,6,4.075219671957465e-13,5.188716632152395,5188716632152.395
exp4_raw_vs_reference_sanity,bounded_[0.50,2.00],80,1,8,2.273108621584249e-13,2.2000099306170355,2200009930617.0356
exp4_raw_vs_reference_sanity,bounded_[0.50,2.00],80,1,10,2.25766791360496e-13,1.146706726763435,1146706726763.435
exp4_raw_vs_reference_sanity,bounded_[0.50,2.00],80,1,12,3.2132238774943085e-13,0.6211180688719566,621118068871.9567
exp4_raw_vs_reference_sanity,bounded_[0.50,2.00],80,2,2,3.22079719009088e-14,36.54094342160359,36540943421603.59
exp4_raw_vs_reference_sanity,bounded_[0.50,2.00],80,2,4,3.98049601914685e-14,12.125430041648652,12125430041648.652
exp4_raw_vs_reference_sanity,bounded_[0.50,2.00],80,2,6,6.685774459058112e-14,5.460993677335865,5460993677335.865
exp4_raw_vs_reference_sanity,bounded_[0.50,2.00],80,2,8,1.3246527082538072e-13,2.69885332386779,2698853323867.79
exp4_raw_vs_reference_sanity,bounded_[0.50,2.00],80,2,10,1.7451120790840392e-13,1.4187733883847446,1418773388384.7446
exp4_raw_vs_reference_sanity,bounded_[0.50,2.00],80,2,12,1.943294480753287e-13,0.7841911017345085,784191101734.5084
exp4_raw_vs_reference_sanity,bounded_[0.50,2.00],80,3,2,5.1395941405770025e-14,42.16641273582921,42166412735829.21
exp4_raw_vs_reference_sanity,bounded_[0.50,2.00],80,3,4,3.1653843943183033e-13,16.271270713123435,16271270713123.436
exp4_raw_vs_reference_sanity,bounded_[0.50,2.00],80,3,6,5.551145525108402e-13,6.399914666809073,6399914666809.073
exp4_raw_vs_reference_sanity,bounded_[0.50,2.00],80,3,8,2.224118412656097e-12,2.932675154304361,1318578695098.3818
exp4_raw_vs_reference_sanity,bounded_[0.50,2.00],80,3,10,1.0025986796494476e-12,1.4193674933226936,1415688572240.0579
exp4_raw_vs_reference_sanity,bounded_[0.50,2.00],80,3,12,5.276946581486478e-13,0.7690791839806498,769079183980.6498
exp4_raw_vs_reference_sanity,bounded_[0.50,2.00],80,4,2,2.118878494564513e-13,48.53899353004438,48538993530044.38
exp4_raw_vs_reference_sanity,bounded_[0.50,2.00],80,4,4,1.093612831307165e-12,21.868841335699674,19996877057084.688
exp4_raw_vs_reference_sanity,bounded_[0.50,2.00],80,4,6,3.4012986566703502e-12,9.496063362888227,2791893427019.5063
exp4_raw_vs_reference_sanity,bounded_[0.50,2.00],80,4,8,8.024871077810233e-13,4.069161809410781,4069161809410.7812
exp4_raw_vs_reference_sanity,bounded_[0.50,2.00],80,4,10,3.561595149411258e-13,1.7083872784799183,1708387278479.9185
exp4_raw_vs_reference_sanity,bounded_[0.50,2.00],80,4,12,2.8834123331091445e-13,0.8165305263851454,816530526385.1455
exp4_raw_vs_reference_sanity,bounded_[0.50,2.00],80,5,2,1.1831912722673403e-13,31.68175360912517,31681753609125.17
exp4_raw_vs_reference_sanity,bounded_[0.50,2.00],80,5,4,4.981097226740243e-13,11.859982257433579,11859982257433.58
exp4_raw_vs_reference_sanity,bounded_[0.50,2.00],80,5,6,8.797979293667165e-13,4.795290810162345,4795290810162.345
exp4_raw_vs_reference_sanity,bounded_[0.50,2.00],80,5,8,2.1691162220740878e-13,1.9712912831130247,1971291283113.0247
exp4_raw_vs_reference_sanity,bounded_[0.50,2.00],80,5,10,1.4295116863740015e-13,0.930250243403763,930250243403.7631
exp4_raw_vs_reference_sanity,bounded_[0.50,2.00],80,5,12,2.6648417936879684e-13,0.484701787089432,484701787089.432
exp4_raw_vs_reference_sanity,bounded_[0.50,2.00],80,6,2,2.3228180451918873e-14,24.721896648978184,24721896648978.184
exp4_raw_vs_reference_sanity,bounded_[0.50,2.00],80,6,4,5.1629759941946725e-14,11.210378958079914,11210378958079.914
exp4_raw_vs_reference_sanity,bounded_[0.50,2.00],80,6,6,1.2175702101674395e-13,5.768319774514695,5768319774514.695
exp4_raw_vs_reference_sanity,bounded_[0.50,2.00],80,6,8,2.7846902458450206e-13,3.120356313635054,3120356313635.054
exp4_raw_vs_reference_sanity,bounded_[0.50,2.00],80,6,10,2.0707055350380395e-13,1.6252482313178445,1625248231317.8445
exp4_raw_vs_reference_sanity,bounded_[0.50,2.00],80,6,12,3.2039913986824676e-13,0.8419691557963572,841969155796.3573
exp4_raw_vs_reference_sanity,bounded_[0.50,2.00],80,7,2,3.399713758096475e-14,11.800528626134668,11800528626134.668
exp4_raw_vs_reference_sanity,bounded_[0.50,2.00],80,7,4,3.4040593848731977e-14,4.920896249278513,4920896249278.514
exp4_raw_vs_reference_sanity,bounded_[0.50,2.00],80,7,6,1.1635743996321397e-13,2.439751808201088,2439751808201.088
exp4_raw_vs_reference_sanity,bounded_[0.50,2.00],80,7,8,1.0777723011649942e-13,1.254653519719952,1254653519719.952
exp4_raw_vs_reference_sanity,bounded_[0.50,2.00],80,7,10,1.0891248787554309e-13,0.643809986408509,643809986408.5089
exp4_raw_vs_reference_sanity,bounded_[0.50,2.00],80,7,12,2.1714935668888378e-13,0.35095860216142905,350958602161.4291
exp4_raw_vs_reference_sanity,bounded_[0.50,2.00],80,8,2,3.7315507160324834e-14,34.04279408844404,34042794088444.04
exp4_raw_vs_reference_sanity,bounded_[0.50,2.00],80,8,4,3.0728627432700847e-14,12.126267793530351,12126267793530.352
exp4_raw_vs_reference_sanity,bounded_[0.50,2.00],80,8,6,6.175372350972738e-14,5.28579577146018,5285795771460.181
exp4_raw_vs_reference_sanity,bounded_[0.50,2.00],80,8,8,1.3967837415413546e-13,2.5049329816305956,2504932981630.5957
exp4_raw_vs_reference_sanity,bounded_[0.50,2.00],80,8,10,2.744459315091995e-13,1.2773106291990313,1277310629199.0312
exp4_raw_vs_reference_sanity,bounded_[0.50,2.00],80,8,12,3.5186390275859924e-13,0.7061895389902686,706189538990.2686
exp4_raw_vs_reference_sanity,bounded_[0.50,2.00],80,9,2,2.4627058097557867e-14,37.141969539811555,37141969539811.555
exp4_raw_vs_reference_sanity,bounded_[0.50,2.00],80,9,4,3.1218016330584225e-14,12.440795330834046,12440795330834.047
exp4_raw_vs_reference_sanity,bounded_[0.50,2.00],80,9,6,1.1945532270824707e-13,4.5061984662561585,4506198466256.158
exp4_raw_vs_reference_sanity,bounded_[0.50,2.00],80,9,8,1.3930699227764264e-13,2.012555829821324,2012555829821.324
exp4_raw_vs_reference_sanity,bounded_[0.50,2.00],80,9,10,3.2732002913535096e-13,0.983162711432189,983162711432.1891
exp4_raw_vs_reference_sanity,bounded_[0.50,2.00],80,9,12,3.3006404338197346e-13,0.49697352479634604,496973524796.34607
exp4_raw_vs_reference_sanity,bounded_[0.50,2.00],80,10,2,1.8976732729870587e-14,32.6548405018516,32654840501851.6
exp4_raw_vs_reference_sanity,bounded_[0.50,2.00],80,10,4,1.5748149161356002e-14,10.651947155377615,10651947155377.615
exp4_raw_vs_reference_sanity,bounded_[0.50,2.00],80,10,6,1.7338584446004389e-13,4.841166055882984,4841166055882.984
exp4_raw_vs_reference_sanity,bounded_[0.50,2.00],80,10,8,2.230191986641279e-13,2.200706332796702,2200706332796.702
exp4_raw_vs_reference_sanity,bounded_[0.50,2.00],80,10,10,4.837572972957275e-13,1.1108285988782294,1110828598878.2295
exp4_raw_vs_reference_sanity,bounded_[0.50,2.00],80,10,12,3.2083695577589115e-13,0.5724908840959493,572490884095.9493
exp4_raw_vs_reference_sanity,bounded_[0.50,2.00],80,11,2,2.5050527069864517e-13,52.610247953179204,52610247953179.2
exp4_raw_vs_reference_sanity,bounded_[0.50,2.00],80,11,4,1.1151333928911307e-12,19.41925641310479,17414290108161.68
exp4_raw_vs_reference_sanity,bounded_[0.50,2.00],80,11,6,2.1918907880574205e-13,8.034535974798942,8034535974798.942
exp4_raw_vs_reference_sanity,bounded_[0.50,2.00],80,11,8,9.43810293338015e-13,3.7197991356439504,3719799135643.9507
exp4_raw_vs_reference_sanity,bounded_[0.50,2.00],80,11,10,2.316327842224851e-13,1.8084236639167734,1808423663916.7734
exp4_raw_vs_reference_sanity,bounded_[0.50,2.00],80,11,12,3.4609742760677866e-13,0.8715734195937717,871573419593.7717
exp4_raw_vs_reference_sanity,bounded_[0.50,2.00],80,12,2,3.868126370741173e-13,34.79955687365868,34799556873658.68
exp4_raw_vs_reference_sanity,bounded_[0.50,2.00],80,12,4,1.1312367508134183e-12,14.322764336542248,12661155435626.92
exp4_raw_vs_reference_sanity,bounded_[0.50,2.00],80,12,6,3.1265671771772343e-12,7.018327479313269,2244739064154.5854
exp4_raw_vs_reference_sanity,bounded_[0.50,2.00],80,12,8,3.4992605650774674e-12,3.4054408378120966,973188699292.1621
exp4_raw_vs_reference_sanity,bounded_[0.50,2.00],80,12,10,3.0985842691860956e-12,1.7255377982592988,556879416002.6332
exp4_raw_vs_reference_sanity,bounded_[0.50,2.00],80,12,12,2.719229825636353e-12,0.8991929597073489,330679279562.8888
exp4_raw_vs_reference_sanity,bounded_[0.50,2.00],80,13,2,5.205148800502548e-14,24.716037518692186,24716037518692.188
exp4_raw_vs_reference_sanity,bounded_[0.50,2.00],80,13,4,5.655822732725551e-13,10.475344272002646,10475344272002.646
exp4_raw_vs_reference_sanity,bounded_[0.50,2.00],80,13,6,5.409757854955711e-13,5.166808125187509,5166808125187.509
exp4_raw_vs_reference_sanity,bounded_[0.50,2.00],80,13,8,7.570587475596457e-13,2.5327058902375543,2532705890237.554
exp4_raw_vs_reference_sanity,bounded_[0.50,2.00],80,13,10,7.314138764054482e-13,1.24525294167567,1245252941675.67
exp4_raw_vs_reference_sanity,bounded_[0.50,2.00],80,13,12,4.681462010787072e-13,0.6348518661377694,634851866137.7694
exp4_raw_vs_reference_sanity,bounded_[0.50,2.00],80,14,2,1.990079027001984e-14,20.977828038900004,20977828038900.004
exp4_raw_vs_reference_sanity,bounded_[0.50,2.00],80,14,4,2.9239631836886726e-14,8.68608062604193,8686080626041.93
exp4_raw_vs_reference_sanity,bounded_[0.50,2.00],80,14,6,5.4422305576846e-14,4.049288081628891,4049288081628.891
exp4_raw_vs_reference_sanity,bounded_[0.50,2.00],80,14,8,6.589822788050187e-14,2.202119633395117,2202119633395.117
exp4_raw_vs_reference_sanity,bounded_[0.50,2.00],80,14,10,1.2869988535936127e-13,1.234109468963864,1234109468963.864
exp4_raw_vs_reference_sanity,bounded_[0.50,2.00],80,14,12,1.8516505550867387e-13,0.6624250378013031,662425037801.3031
exp4_raw_vs_reference_sanity,bounded_[0.50,2.00],80,15,2,5.3161450152827066e-14,27.135989272591377,27135989272591.38
exp4_raw_vs_reference_sanity,bounded_[0.50,2.00],80,15,4,4.9229398628016266e-14,14.41215318356889,14412153183568.89
exp4_raw_vs_reference_sanity,bounded_[0.50,2.00],80,15,6,2.4061207217531403e-13,7.6258704184857224,7625870418485.723
exp4_raw_vs_reference_sanity,bounded_[0.50,2.00],80,15,8,6.324043389529833e-13,4.189283431992716,4189283431992.716
exp4_raw_vs_reference_sanity,bounded_[0.50,2.00],80,15,10,8.230535089129869e-13,2.332699672251671,2332699672251.671
exp4_raw_vs_reference_sanity,bounded_[0.50,2.00],80,15,12,5.937215934195271e-13,1.2953023274417554,1295302327441.7554
exp4_raw_vs_reference_sanity,bounded_[0.50,2.00],80,16,2,2.6497426840235933e-14,27.008468053229233,27008468053229.234
exp4_raw_vs_reference_sanity,bounded_[0.50,2.00],80,16,4,1.6862421888806366e-13,10.347584293984186,10347584293984.186
exp4_raw_vs_reference_sanity,bounded_[0.50,2.00],80,16,6,2.005434874219468e-13,4.423871513776497,4423871513776.497
exp4_raw_vs_reference_sanity,bounded_[0.50,2.00],80,16,8,2.338323786813925e-13,2.2488903508587215,2248890350858.7217
exp4_raw_vs_reference_sanity,bounded_[0.50,2.00],80,16,10,2.0866927753456368e-13,1.1048625883072278,1104862588307.2278
exp4_raw_vs_reference_sanity,bounded_[0.50,2.00],80,16,12,2.0800413514164276e-13,0.6110638286611882,611063828661.1882
exp4_raw_vs_reference_sanity,bounded_[0.50,2.00],80,17,2,1.9564956458664397e-14,41.32499796987271,41324997969872.71
exp4_raw_vs_reference_sanity,bounded_[0.50,2.00],80,17,4,2.1991243594327825e-14,14.18765006567748,14187650065677.48
exp4_raw_vs_reference_sanity,bounded_[0.50,2.00],80,17,6,2.2017045109962375e-13,6.403026343454902,6403026343454.902
exp4_raw_vs_reference_sanity,bounded_[0.50,2.00],80,17,8,1.7552528256901637e-13,3.152695274765985,3152695274765.9854
exp4_raw_vs_reference_sanity,bounded_[0.50,2.00],80,17,10,1.780932775180785e-13,1.6560517925825768,1656051792582.577
exp4_raw_vs_reference_sanity,bounded_[0.50,2.00],80,17,12,3.9429827812155184e-13,0.8653477303956144,865347730395.6144
exp4_raw_vs_reference_sanity,bounded_[0.50,2.00],80,18,2,1.9547088848318847e-14,35.049339378103646,35049339378103.65
exp4_raw_vs_reference_sanity,bounded_[0.50,2.00],80,18,4,2.074174920990903e-14,10.480797136131013,10480797136131.014
exp4_raw_vs_reference_sanity,bounded_[0.50,2.00],80,18,6,5.289387018991571e-14,3.5177231742447264,3517723174244.7266
exp4_raw_vs_reference_sanity,bounded_[0.50,2.00],80,18,8,8.750353468107648e-14,1.62504012425495,1625040124254.95
exp4_raw_vs_reference_sanity,bounded_[0.50,2.00],80,18,10,1.0962521685502399e-13,0.8344410036898972,834441003689.8972
exp4_raw_vs_reference_sanity,bounded_[0.50,2.00],80,18,12,1.481617566475137e-13,0.4222767424033706,422276742403.3706
exp4_raw_vs_reference_sanity,bounded_[0.50,2.00],80,19,2,1.3301495835687154e-14,46.842711681002,46842711681002.0
exp4_raw_vs_reference_sanity,bounded_[0.50,2.00],80,19,4,5.050317820511115e-14,14.630834534852724,14630834534852.725
exp4_raw_vs_reference_sanity,bounded_[0.50,2.00],80,19,6,3.779103117304694e-14,4.816644267229595,4816644267229.595
exp4_raw_vs_reference_sanity,bounded_[0.50,2.00],80,19,8,5.5491237171278556e-14,2.0769787992736073,2076978799273.6074
exp4_raw_vs_reference_sanity,bounded_[0.50,2.00],80,19,10,1.123195616915921e-13,0.9827060049162534,982706004916.2534
exp4_raw_vs_reference_sanity,bounded_[0.50,2.00],80,19,12,1.2897429299713224e-13,0.49450710072217313,494507100722.17316
